run_id,kernel,problem_size,block_size,metric_name,metric_value,status,source
run_20260922T232200Z,vector_add,1048576,64,runtime_ms,0.0148256,measured,cuda_events
run_20260922T232200Z,vector_add,1048576,64,effective_bandwidth_GBps,848.7286855169438,derived_estimate,bytes_moved/runtime_ms
run_20260922T232200Z,vector_add,1048576,64,effective_GFLOPs,70.72739045974531,derived_estimate,flops/runtime_ms
run_20260922T232200Z,vector_add,1048576,64,arithmetic_intensity,0.08333333333333333,derived_estimate,flops/bytes_moved
run_20260922T232200Z,vector_add,1048576,64,device_metadata,"{""compute_capability_major"": 9, ""compute_capability_minor"": 0, ""metadata_available"": true, ""multiprocessor_count"": 132, ""name"": ""NVIDIA H100 80GB HBM3"", ""total_global_mem_bytes"": 85019590656}",measured,cuda_runtime_api
run_20260922T232200Z,vector_add,1048576,64,l2_cache_hit_rate,,unavailable,nsight_compute_not_run
run_20260922T232200Z,vector_add,1048576,64,l2_throughput_pct,,unavailable,nsight_compute_not_run
run_20260922T232200Z,vector_add,1048576,64,memory_throughput_pct,,unavailable,nsight_compute_not_run
run_20260922T232200Z,vector_add,1048576,64,occupancy,,unavailable,nsight_compute_not_run
run_20260922T232200Z,vector_add,1048576,64,sm_utilization,,unavailable,nsight_compute_not_run
run_20260922T232200Z,vector_add,1048576,128,runtime_ms,0.00985216,measured,cuda_events
run_20260922T232200Z,vector_add,1048576,128,effective_bandwidth_GBps,1277.172924516045,derived_estimate,bytes_moved/runtime_ms
run_20260922T232200Z,vector_add,1048576,128,effective_GFLOPs,106.43107704300377,derived_estimate,flops/runtime_ms
run_20260922T232200Z,vector_add,1048576,128,arithmetic_intensity,0.08333333333333333,derived_estimate,flops/bytes_moved
run_20260922T232200Z,vector_add,1048576,128,device_metadata,"{""compute_capability_major"": 9, ""compute_capability_minor"": 0, ""metadata_available"": true, ""multiprocessor_count"": 132, ""name"": ""NVIDIA H100 80GB HBM3"", ""total_global_mem_bytes"": 85019590656}",measured,cuda_runtime_api
run_20260922T232200Z,vector_add,1048576,128,l2_cache_hit_rate,,unavailable,nsight_compute_not_run
run_20260922T232200Z,vector_add,1048576,128,l2_throughput_pct,,unavailable,nsight_compute_not_run
run_20260922T232200Z,vector_add,1048576,128,memory_throughput_pct,,unavailable,nsight_compute_not_run
run_20260922T232200Z,vector_add,1048576,128,occupancy,,unavailable,nsight_compute_not_run
run_20260922T232200Z,vector_add,1048576,128,sm_utilization,,unavailable,nsight_compute_not_run
run_20260922T232200Z,vector_add,1048576,256,runtime_ms,0.00750848,measured,cuda_events
run_20260922T232200Z,vector_add,1048576,256,effective_bandwidth_GBps,1675.8267984998297,derived_estimate,bytes_moved/runtime_ms
run_20260922T232200Z,vector_add,1048576,256,effective_GFLOPs,139.65223320831913,derived_estimate,flops/runtime_ms
run_20260922T232200Z,vector_add,1048576,256,arithmetic_intensity,0.08333333333333333,derived_estimate,flops/bytes_moved
run_20260922T232200Z,vector_add,1048576,256,device_metadata,"{""compute_capability_major"": 9, ""compute_capability_minor"": 0, ""metadata_available"": true, ""multiprocessor_count"": 132, ""name"": ""NVIDIA H100 80GB HBM3"", ""total_global_mem_bytes"": 85019590656}",measured,cuda_runtime_api
run_20260922T232200Z,vector_add,1048576,256,l2_cache_hit_rate,,unavailable,nsight_compute_not_run
run_20260922T232200Z,vector_add,1048576,256,l2_throughput_pct,,unavailable,nsight_compute_not_run
run_20260922T232200Z,vector_add,1048576,256,memory_throughput_pct,,unavailable,nsight_compute_not_run
run_20260922T232200Z,vector_add,1048576,256,occupancy,,unavailable,nsight_compute_not_run
run_20260922T232200Z,vector_add,1048576,256,sm_utilization,,unavailable,nsight_compute_not_run
run_20260922T232200Z,vector_add,1048576,512,runtime_ms,0.00686464,measured,cuda_events
run_20260922T232200Z,vector_add,1048576,512,effective_bandwidth_GBps,1833.0039157188141,derived_estimate,bytes_moved/runtime_ms
run_20260922T232200Z,vector_add,1048576,512,effective_GFLOPs,152.7503263099012,derived_estimate,flops/runtime_ms
run_20260922T232200Z,vector_add,1048576,512,arithmetic_intensity,0.08333333333333333,derived_estimate,flops/bytes_moved
run_20260922T232200Z,vector_add,1048576,512,device_metadata,"{""compute_capability_major"": 9, ""compute_capability_minor"": 0, ""metadata_available"": true, ""multiprocessor_count"": 132, ""name"": ""NVIDIA H100 80GB HBM3"", ""total_global_mem_bytes"": 85019590656}",measured,cuda_runtime_api
run_20260922T232200Z,vector_add,1048576,512,l2_cache_hit_rate,,unavailable,nsight_compute_not_run
run_20260922T232200Z,vector_add,1048576,512,l2_throughput_pct,,unavailable,nsight_compute_not_run
run_20260922T232200Z,vector_add,1048576,512,memory_throughput_pct,,unavailable,nsight_compute_not_run
run_20260922T232200Z,vector_add,1048576,512,occupancy,,unavailable,nsight_compute_not_run
run_20260922T232200Z,vector_add,1048576,512,sm_utilization,,unavailable,nsight_compute_not_run
run_20260922T232200Z,vector_add,4194304,64,runtime_ms,0.044483840000000004,measured,cuda_events
run_20260922T232200Z,vector_add,4194304,64,effective_bandwidth_GBps,1131.4591546053578,derived_estimate,bytes_moved/runtime_ms
run_20260922T232200Z,vector_add,4194304,64,effective_GFLOPs,94.28826288377981,derived_estimate,flops/runtime_ms
run_20260922T232200Z,vector_add,4194304,64,arithmetic_intensity,0.08333333333333333,derived_estimate,flops/bytes_moved
run_20260922T232200Z,vector_add,4194304,64,device_metadata,"{""compute_capability_major"": 9, ""compute_capability_minor"": 0, ""metadata_available"": true, ""multiprocessor_count"": 132, ""name"": ""NVIDIA H100 80GB HBM3"", ""total_global_mem_bytes"": 85019590656}",measured,cuda_runtime_api
run_20260922T232200Z,vector_add,4194304,64,l2_cache_hit_rate,,unavailable,nsight_compute_not_run
run_20260922T232200Z,vector_add,4194304,64,l2_throughput_pct,,unavailable,nsight_compute_not_run
run_20260922T232200Z,vector_add,4194304,64,memory_throughput_pct,,unavailable,nsight_compute_not_run
run_20260922T232200Z,vector_add,4194304,64,occupancy,,unavailable,nsight_compute_not_run
run_20260922T232200Z,vector_add,4194304,64,sm_utilization,,unavailable,nsight_compute_not_run
run_20260922T232200Z,vector_add,4194304,128,runtime_ms,0.02513024,measured,cuda_events
run_20260922T232200Z,vector_add,4194304,128,effective_bandwidth_GBps,2002.831966586869,derived_estimate,bytes_moved/runtime_ms
run_20260922T232200Z,vector_add,4194304,128,effective_GFLOPs,166.9026638822391,derived_estimate,flops/runtime_ms
run_20260922T232200Z,vector_add,4194304,128,arithmetic_intensity,0.08333333333333333,derived_estimate,flops/bytes_moved
run_20260922T232200Z,vector_add,4194304,128,device_metadata,"{""compute_capability_major"": 9, ""compute_capability_minor"": 0, ""metadata_available"": true, ""multiprocessor_count"": 132, ""name"": ""NVIDIA H100 80GB HBM3"", ""total_global_mem_bytes"": 85019590656}",measured,cuda_runtime_api
run_20260922T232200Z,vector_add,4194304,128,l2_cache_hit_rate,,unavailable,nsight_compute_not_run
run_20260922T232200Z,vector_add,4194304,128,l2_throughput_pct,,unavailable,nsight_compute_not_run
run_20260922T232200Z,vector_add,4194304,128,memory_throughput_pct,,unavailable,nsight_compute_not_run
run_20260922T232200Z,vector_add,4194304,128,occupancy,,unavailable,nsight_compute_not_run
run_20260922T232200Z,vector_add,4194304,128,sm_utilization,,unavailable,nsight_compute_not_run
run_20260922T232200Z,vector_add,4194304,256,runtime_ms,0.0231328,measured,cuda_events
run_20260922T232200Z,vector_add,4194304,256,effective_bandwidth_GBps,2175.769816018813,derived_estimate,bytes_moved/runtime_ms
run_20260922T232200Z,vector_add,4194304,256,effective_GFLOPs,181.3141513349011,derived_estimate,flops/runtime_ms
run_20260922T232200Z,vector_add,4194304,256,arithmetic_intensity,0.08333333333333333,derived_estimate,flops/bytes_moved
run_20260922T232200Z,vector_add,4194304,256,device_metadata,"{""compute_capability_major"": 9, ""compute_capability_minor"": 0, ""metadata_available"": true, ""multiprocessor_count"": 132, ""name"": ""NVIDIA H100 80GB HBM3"", ""total_global_mem_bytes"": 85019590656}",measured,cuda_runtime_api
run_20260922T232200Z,vector_add,4194304,256,l2_cache_hit_rate,,unavailable,nsight_compute_not_run
run_20260922T232200Z,vector_add,4194304,256,l2_throughput_pct,,unavailable,nsight_compute_not_run
run_20260922T232200Z,vector_add,4194304,256,memory_throughput_pct,,unavailable,nsight_compute_not_run
run_20260922T232200Z,vector_add,4194304,256,occupancy,,unavailable,nsight_compute_not_run
run_20260922T232200Z,vector_add,4194304,256,sm_utilization,,unavailable,nsight_compute_not_run
run_20260922T232200Z,vector_add,4194304,512,runtime_ms,0.02377984,measured,cuda_events
run_20260922T232200Z,vector_add,4194304,512,effective_bandwidth_GBps,2116.5679836365593,derived_estimate,bytes_moved/runtime_ms
run_20260922T232200Z,vector_add,4194304,512,effective_GFLOPs,176.3806653030466,derived_estimate,flops/runtime_ms
run_20260922T232200Z,vector_add,4194304,512,arithmetic_intensity,0.08333333333333333,derived_estimate,flops/bytes_moved
run_20260922T232200Z,vector_add,4194304,512,device_metadata,"{""compute_capability_major"": 9, ""compute_capability_minor"": 0, ""metadata_available"": true, ""multiprocessor_count"": 132, ""name"": ""NVIDIA H100 80GB HBM3"", ""total_global_mem_bytes"": 85019590656}",measured,cuda_runtime_api
run_20260922T232200Z,vector_add,4194304,512,l2_cache_hit_rate,,unavailable,nsight_compute_not_run
run_20260922T232200Z,vector_add,4194304,512,l2_throughput_pct,,unavailable,nsight_compute_not_run
run_20260922T232200Z,vector_add,4194304,512,memory_throughput_pct,,unavailable,nsight_compute_not_run
run_20260922T232200Z,vector_add,4194304,512,occupancy,,unavailable,nsight_compute_not_run
run_20260922T232200Z,vector_add,4194304,512,sm_utilization,,unavailable,nsight_compute_not_run
run_20260922T232200Z,vector_add,16777216,64,runtime_ms,0.1626592,measured,cuda_events
run_20260922T232200Z,vector_add,16777216,64,effective_bandwidth_GBps,1237.7202888001416,derived_estimate,bytes_moved/runtime_ms
run_20260922T232200Z,vector_add,16777216,64,effective_GFLOPs,103.1433574000118,derived_estimate,flops/runtime_ms
run_20260922T232200Z,vector_add,16777216,64,arithmetic_intensity,0.08333333333333333,derived_estimate,flops/bytes_moved
run_20260922T232200Z,vector_add,16777216,64,device_metadata,"{""compute_capability_major"": 9, ""compute_capability_minor"": 0, ""metadata_available"": true, ""multiprocessor_count"": 132, ""name"": ""NVIDIA H100 80GB HBM3"", ""total_global_mem_bytes"": 85019590656}",measured,cuda_runtime_api
run_20260922T232200Z,vector_add,16777216,64,l2_cache_hit_rate,,unavailable,nsight_compute_not_run
run_20260922T232200Z,vector_add,16777216,64,l2_throughput_pct,,unavailable,nsight_compute_not_run
run_20260922T232200Z,vector_add,16777216,64,memory_throughput_pct,,unavailable,nsight_compute_not_run
run_20260922T232200Z,vector_add,16777216,64,occupancy,,unavailable,nsight_compute_not_run
run_20260922T232200Z,vector_add,16777216,64,sm_utilization,,unavailable,nsight_compute_not_run
run_20260922T232200Z,vector_add,16777216,128,runtime_ms,0.08440448,measured,cuda_events
run_20260922T232200Z,vector_add,16777216,128,effective_bandwidth_GBps,2385.25955020397,derived_estimate,bytes_moved/runtime_ms
run_20260922T232200Z,vector_add,16777216,128,effective_GFLOPs,198.77162918366417,derived_estimate,flops/runtime_ms
run_20260922T232200Z,vector_add,16777216,128,arithmetic_intensity,0.08333333333333333,derived_estimate,flops/bytes_moved
run_20260922T232200Z,vector_add,16777216,128,device_metadata,"{""compute_capability_major"": 9, ""compute_capability_minor"": 0, ""metadata_available"": true, ""multiprocessor_count"": 132, ""name"": ""NVIDIA H100 80GB HBM3"", ""total_global_mem_bytes"": 85019590656}",measured,cuda_runtime_api
run_20260922T232200Z,vector_add,16777216,128,l2_cache_hit_rate,,unavailable,nsight_compute_not_run
run_20260922T232200Z,vector_add,16777216,128,l2_throughput_pct,,unavailable,nsight_compute_not_run
run_20260922T232200Z,vector_add,16777216,128,memory_throughput_pct,,unavailable,nsight_compute_not_run
run_20260922T232200Z,vector_add,16777216,128,occupancy,,unavailable,nsight_compute_not_run
run_20260922T232200Z,vector_add,16777216,128,sm_utilization,,unavailable,nsight_compute_not_run
run_20260922T232200Z,vector_add,16777216,256,runtime_ms,0.07704448,measured,cuda_events
run_20260922T232200Z,vector_add,16777216,256,effective_bandwidth_GBps,2613.1215630243723,derived_estimate,bytes_moved/runtime_ms
run_20260922T232200Z,vector_add,16777216,256,effective_GFLOPs,217.76013025203105,derived_estimate,flops/runtime_ms
run_20260922T232200Z,vector_add,16777216,256,arithmetic_intensity,0.08333333333333333,derived_estimate,flops/bytes_moved
run_20260922T232200Z,vector_add,16777216,256,device_metadata,"{""compute_capability_major"": 9, ""compute_capability_minor"": 0, ""metadata_available"": true, ""multiprocessor_count"": 132, ""name"": ""NVIDIA H100 80GB HBM3"", ""total_global_mem_bytes"": 85019590656}",measured,cuda_runtime_api
run_20260922T232200Z,vector_add,16777216,256,l2_cache_hit_rate,,unavailable,nsight_compute_not_run
run_20260922T232200Z,vector_add,16777216,256,l2_throughput_pct,,unavailable,nsight_compute_not_run
run_20260922T232200Z,vector_add,16777216,256,memory_throughput_pct,,unavailable,nsight_compute_not_run
run_20260922T232200Z,vector_add,16777216,256,occupancy,,unavailable,nsight_compute_not_run
run_20260922T232200Z,vector_add,16777216,256,sm_utilization,,unavailable,nsight_compute_not_run
run_20260922T232200Z,vector_add,16777216,512,runtime_ms,0.07915136,measured,cuda_events
run_20260922T232200Z,vector_add,16777216,512,effective_bandwidth_GBps,2543.5645325614114,derived_estimate,bytes_moved/runtime_ms
run_20260922T232200Z,vector_add,16777216,512,effective_GFLOPs,211.9637110467843,derived_estimate,flops/runtime_ms
run_20260922T232200Z,vector_add,16777216,512,arithmetic_intensity,0.08333333333333333,derived_estimate,flops/bytes_moved
run_20260922T232200Z,vector_add,16777216,512,device_metadata,"{""compute_capability_major"": 9, ""compute_capability_minor"": 0, ""metadata_available"": true, ""multiprocessor_count"": 132, ""name"": ""NVIDIA H100 80GB HBM3"", ""total_global_mem_bytes"": 85019590656}",measured,cuda_runtime_api
run_20260922T232200Z,vector_add,16777216,512,l2_cache_hit_rate,,unavailable,nsight_compute_not_run
run_20260922T232200Z,vector_add,16777216,512,l2_throughput_pct,,unavailable,nsight_compute_not_run
run_20260922T232200Z,vector_add,16777216,512,memory_throughput_pct,,unavailable,nsight_compute_not_run
run_20260922T232200Z,vector_add,16777216,512,occupancy,,unavailable,nsight_compute_not_run
run_20260922T232200Z,vector_add,16777216,512,sm_utilization,,unavailable,nsight_compute_not_run
run_20260922T232200Z,vector_add,67108864,64,runtime_ms,0.634912,measured,cuda_events
run_20260922T232200Z,vector_add,67108864,64,effective_bandwidth_GBps,1268.374779497001,derived_estimate,bytes_moved/runtime_ms
run_20260922T232200Z,vector_add,67108864,64,effective_GFLOPs,105.69789829141676,derived_estimate,flops/runtime_ms
run_20260922T232200Z,vector_add,67108864,64,arithmetic_intensity,0.08333333333333333,derived_estimate,flops/bytes_moved
run_20260922T232200Z,vector_add,67108864,64,device_metadata,"{""compute_capability_major"": 9, ""compute_capability_minor"": 0, ""metadata_available"": true, ""multiprocessor_count"": 132, ""name"": ""NVIDIA H100 80GB HBM3"", ""total_global_mem_bytes"": 85019590656}",measured,cuda_runtime_api
run_20260922T232200Z,vector_add,67108864,64,l2_cache_hit_rate,,unavailable,nsight_compute_not_run
run_20260922T232200Z,vector_add,67108864,64,l2_throughput_pct,,unavailable,nsight_compute_not_run
run_20260922T232200Z,vector_add,67108864,64,memory_throughput_pct,,unavailable,nsight_compute_not_run
run_20260922T232200Z,vector_add,67108864,64,occupancy,,unavailable,nsight_compute_not_run
run_20260922T232200Z,vector_add,67108864,64,sm_utilization,,unavailable,nsight_compute_not_run
run_20260922T232200Z,vector_add,67108864,128,runtime_ms,0.3218336,measured,cuda_events
run_20260922T232200Z,vector_add,67108864,128,effective_bandwidth_GBps,2502.244538792718,derived_estimate,bytes_moved/runtime_ms
run_20260922T232200Z,vector_add,67108864,128,effective_GFLOPs,208.5203782327265,derived_estimate,flops/runtime_ms
run_20260922T232200Z,vector_add,67108864,128,arithmetic_intensity,0.08333333333333333,derived_estimate,flops/bytes_moved
run_20260922T232200Z,vector_add,67108864,128,device_metadata,"{""compute_capability_major"": 9, ""compute_capability_minor"": 0, ""metadata_available"": true, ""multiprocessor_count"": 132, ""name"": ""NVIDIA H100 80GB HBM3"", ""total_global_mem_bytes"": 85019590656}",measured,cuda_runtime_api
run_20260922T232200Z,vector_add,67108864,128,l2_cache_hit_rate,,unavailable,nsight_compute_not_run
run_20260922T232200Z,vector_add,67108864,128,l2_throughput_pct,,unavailable,nsight_compute_not_run
run_20260922T232200Z,vector_add,67108864,128,memory_throughput_pct,,unavailable,nsight_compute_not_run
run_20260922T232200Z,vector_add,67108864,128,occupancy,,unavailable,nsight_compute_not_run
run_20260922T232200Z,vector_add,67108864,128,sm_utilization,,unavailable,nsight_compute_not_run
run_20260922T232200Z,vector_add,67108864,256,runtime_ms,0.29070848,measured,cuda_events
run_20260922T232200Z,vector_add,67108864,256,effective_bandwidth_GBps,2770.1509360855243,derived_estimate,bytes_moved/runtime_ms
run_20260922T232200Z,vector_add,67108864,256,effective_GFLOPs,230.8459113404604,derived_estimate,flops/runtime_ms
run_20260922T232200Z,vector_add,67108864,256,arithmetic_intensity,0.08333333333333333,derived_estimate,flops/bytes_moved
run_20260922T232200Z,vector_add,67108864,256,device_metadata,"{""compute_capability_major"": 9, ""compute_capability_minor"": 0, ""metadata_available"": true, ""multiprocessor_count"": 132, ""name"": ""NVIDIA H100 80GB HBM3"", ""total_global_mem_bytes"": 85019590656}",measured,cuda_runtime_api
run_20260922T232200Z,vector_add,67108864,256,l2_cache_hit_rate,,unavailable,nsight_compute_not_run
run_20260922T232200Z,vector_add,67108864,256,l2_throughput_pct,,unavailable,nsight_compute_not_run
run_20260922T232200Z,vector_add,67108864,256,memory_throughput_pct,,unavailable,nsight_compute_not_run
run_20260922T232200Z,vector_add,67108864,256,occupancy,,unavailable,nsight_compute_not_run
run_20260922T232200Z,vector_add,67108864,256,sm_utilization,,unavailable,nsight_compute_not_run
run_20260922T232200Z,vector_add,67108864,512,runtime_ms,0.29865344,measured,cuda_events
run_20260922T232200Z,vector_add,67108864,512,effective_bandwidth_GBps,2696.4577002695833,derived_estimate,bytes_moved/runtime_ms
run_20260922T232200Z,vector_add,67108864,512,effective_GFLOPs,224.70480835579863,derived_estimate,flops/runtime_ms
run_20260922T232200Z,vector_add,67108864,512,arithmetic_intensity,0.08333333333333333,derived_estimate,flops/bytes_moved
run_20260922T232200Z,vector_add,67108864,512,device_metadata,"{""compute_capability_major"": 9, ""compute_capability_minor"": 0, ""metadata_available"": true, ""multiprocessor_count"": 132, ""name"": ""NVIDIA H100 80GB HBM3"", ""total_global_mem_bytes"": 85019590656}",measured,cuda_runtime_api
run_20260922T232200Z,vector_add,67108864,512,l2_cache_hit_rate,,unavailable,nsight_compute_not_run
run_20260922T232200Z,vector_add,67108864,512,l2_throughput_pct,,unavailable,nsight_compute_not_run
run_20260922T232200Z,vector_add,67108864,512,memory_throughput_pct,,unavailable,nsight_compute_not_run
run_20260922T232200Z,vector_add,67108864,512,occupancy,,unavailable,nsight_compute_not_run
run_20260922T232200Z,vector_add,67108864,512,sm_utilization,,unavailable,nsight_compute_not_run
run_20260922T232200Z,memcpy_bandwidth,1048576,64,runtime_ms,0.0147712,measured,cuda_events
run_20260922T232200Z,memcpy_bandwidth,1048576,64,effective_bandwidth_GBps,567.9029462738301,derived_estimate,bytes_moved/runtime_ms
run_20260922T232200Z,memcpy_bandwidth,1048576,64,effective_GFLOPs,0.0,derived_estimate,flops/runtime_ms
run_20260922T232200Z,memcpy_bandwidth,1048576,64,arithmetic_intensity,0.0,derived_estimate,flops/bytes_moved
run_20260922T232200Z,memcpy_bandwidth,1048576,64,device_metadata,"{""compute_capability_major"": 9, ""compute_capability_minor"": 0, ""metadata_available"": true, ""multiprocessor_count"": 132, ""name"": ""NVIDIA H100 80GB HBM3"", ""total_global_mem_bytes"": 85019590656}",measured,cuda_runtime_api
run_20260922T232200Z,memcpy_bandwidth,1048576,64,l2_cache_hit_rate,,unavailable,nsight_compute_not_run
run_20260922T232200Z,memcpy_bandwidth,1048576,64,l2_throughput_pct,,unavailable,nsight_compute_not_run
run_20260922T232200Z,memcpy_bandwidth,1048576,64,memory_throughput_pct,,unavailable,nsight_compute_not_run
run_20260922T232200Z,memcpy_bandwidth,1048576,64,occupancy,,unavailable,nsight_compute_not_run
run_20260922T232200Z,memcpy_bandwidth,1048576,64,sm_utilization,,unavailable,nsight_compute_not_run
run_20260922T232200Z,memcpy_bandwidth,1048576,128,runtime_ms,0.00991744,measured,cuda_events
run_20260922T232200Z,memcpy_bandwidth,1048576,128,effective_bandwidth_GBps,845.844088797109,derived_estimate,bytes_moved/runtime_ms
run_20260922T232200Z,memcpy_bandwidth,1048576,128,effective_GFLOPs,0.0,derived_estimate,flops/runtime_ms
run_20260922T232200Z,memcpy_bandwidth,1048576,128,arithmetic_intensity,0.0,derived_estimate,flops/bytes_moved
run_20260922T232200Z,memcpy_bandwidth,1048576,128,device_metadata,"{""compute_capability_major"": 9, ""compute_capability_minor"": 0, ""metadata_available"": true, ""multiprocessor_count"": 132, ""name"": ""NVIDIA H100 80GB HBM3"", ""total_global_mem_bytes"": 85019590656}",measured,cuda_runtime_api
run_20260922T232200Z,memcpy_bandwidth,1048576,128,l2_cache_hit_rate,,unavailable,nsight_compute_not_run
run_20260922T232200Z,memcpy_bandwidth,1048576,128,l2_throughput_pct,,unavailable,nsight_compute_not_run
run_20260922T232200Z,memcpy_bandwidth,1048576,128,memory_throughput_pct,,unavailable,nsight_compute_not_run
run_20260922T232200Z,memcpy_bandwidth,1048576,128,occupancy,,unavailable,nsight_compute_not_run
run_20260922T232200Z,memcpy_bandwidth,1048576,128,sm_utilization,,unavailable,nsight_compute_not_run
run_20260922T232200Z,memcpy_bandwidth,1048576,256,runtime_ms,0.00751616,measured,cuda_events
run_20260922T232200Z,memcpy_bandwidth,1048576,256,effective_bandwidth_GBps,1116.0762942779293,derived_estimate,bytes_moved/runtime_ms
run_20260922T232200Z,memcpy_bandwidth,1048576,256,effective_GFLOPs,0.0,derived_estimate,flops/runtime_ms
run_20260922T232200Z,memcpy_bandwidth,1048576,256,arithmetic_intensity,0.0,derived_estimate,flops/bytes_moved
run_20260922T232200Z,memcpy_bandwidth,1048576,256,device_metadata,"{""compute_capability_major"": 9, ""compute_capability_minor"": 0, ""metadata_available"": true, ""multiprocessor_count"": 132, ""name"": ""NVIDIA H100 80GB HBM3"", ""total_global_mem_bytes"": 85019590656}",measured,cuda_runtime_api
run_20260922T232200Z,memcpy_bandwidth,1048576,256,l2_cache_hit_rate,,unavailable,nsight_compute_not_run
run_20260922T232200Z,memcpy_bandwidth,1048576,256,l2_throughput_pct,,unavailable,nsight_compute_not_run
run_20260922T232200Z,memcpy_bandwidth,1048576,256,memory_throughput_pct,,unavailable,nsight_compute_not_run
run_20260922T232200Z,memcpy_bandwidth,1048576,256,occupancy,,unavailable,nsight_compute_not_run
run_20260922T232200Z,memcpy_bandwidth,1048576,256,sm_utilization,,unavailable,nsight_compute_not_run
run_20260922T232200Z,memcpy_bandwidth,1048576,512,runtime_ms,0.00687296,measured,cuda_events
run_20260922T232200Z,memcpy_bandwidth,1048576,512,effective_bandwidth_GBps,1220.5233261942453,derived_estimate,bytes_moved/runtime_ms
run_20260922T232200Z,memcpy_bandwidth,1048576,512,effective_GFLOPs,0.0,derived_estimate,flops/runtime_ms
run_20260922T232200Z,memcpy_bandwidth,1048576,512,arithmetic_intensity,0.0,derived_estimate,flops/bytes_moved
run_20260922T232200Z,memcpy_bandwidth,1048576,512,device_metadata,"{""compute_capability_major"": 9, ""compute_capability_minor"": 0, ""metadata_available"": true, ""multiprocessor_count"": 132, ""name"": ""NVIDIA H100 80GB HBM3"", ""total_global_mem_bytes"": 85019590656}",measured,cuda_runtime_api
run_20260922T232200Z,memcpy_bandwidth,1048576,512,l2_cache_hit_rate,,unavailable,nsight_compute_not_run
run_20260922T232200Z,memcpy_bandwidth,1048576,512,l2_throughput_pct,,unavailable,nsight_compute_not_run
run_20260922T232200Z,memcpy_bandwidth,1048576,512,memory_throughput_pct,,unavailable,nsight_compute_not_run
run_20260922T232200Z,memcpy_bandwidth,1048576,512,occupancy,,unavailable,nsight_compute_not_run
run_20260922T232200Z,memcpy_bandwidth,1048576,512,sm_utilization,,unavailable,nsight_compute_not_run
run_20260922T232200Z,memcpy_bandwidth,4194304,64,runtime_ms,0.04441024,measured,cuda_events
run_20260922T232200Z,memcpy_bandwidth,4194304,64,effective_bandwidth_GBps,755.5561960484789,derived_estimate,bytes_moved/runtime_ms
run_20260922T232200Z,memcpy_bandwidth,4194304,64,effective_GFLOPs,0.0,derived_estimate,flops/runtime_ms
run_20260922T232200Z,memcpy_bandwidth,4194304,64,arithmetic_intensity,0.0,derived_estimate,flops/bytes_moved
run_20260922T232200Z,memcpy_bandwidth,4194304,64,device_metadata,"{""compute_capability_major"": 9, ""compute_capability_minor"": 0, ""metadata_available"": true, ""multiprocessor_count"": 132, ""name"": ""NVIDIA H100 80GB HBM3"", ""total_global_mem_bytes"": 85019590656}",measured,cuda_runtime_api
run_20260922T232200Z,memcpy_bandwidth,4194304,64,l2_cache_hit_rate,,unavailable,nsight_compute_not_run
run_20260922T232200Z,memcpy_bandwidth,4194304,64,l2_throughput_pct,,unavailable,nsight_compute_not_run
run_20260922T232200Z,memcpy_bandwidth,4194304,64,memory_throughput_pct,,unavailable,nsight_compute_not_run
run_20260922T232200Z,memcpy_bandwidth,4194304,64,occupancy,,unavailable,nsight_compute_not_run
run_20260922T232200Z,memcpy_bandwidth,4194304,64,sm_utilization,,unavailable,nsight_compute_not_run
run_20260922T232200Z,memcpy_bandwidth,4194304,128,runtime_ms,0.02472768,measured,cuda_events
run_20260922T232200Z,memcpy_bandwidth,4194304,128,effective_bandwidth_GBps,1356.9583559800192,derived_estimate,bytes_moved/runtime_ms
run_20260922T232200Z,memcpy_bandwidth,4194304,128,effective_GFLOPs,0.0,derived_estimate,flops/runtime_ms
run_20260922T232200Z,memcpy_bandwidth,4194304,128,arithmetic_intensity,0.0,derived_estimate,flops/bytes_moved
run_20260922T232200Z,memcpy_bandwidth,4194304,128,device_metadata,"{""compute_capability_major"": 9, ""compute_capability_minor"": 0, ""metadata_available"": true, ""multiprocessor_count"": 132, ""name"": ""NVIDIA H100 80GB HBM3"", ""total_global_mem_bytes"": 85019590656}",measured,cuda_runtime_api
run_20260922T232200Z,memcpy_bandwidth,4194304,128,l2_cache_hit_rate,,unavailable,nsight_compute_not_run
run_20260922T232200Z,memcpy_bandwidth,4194304,128,l2_throughput_pct,,unavailable,nsight_compute_not_run
run_20260922T232200Z,memcpy_bandwidth,4194304,128,memory_throughput_pct,,unavailable,nsight_compute_not_run
run_20260922T232200Z,memcpy_bandwidth,4194304,128,occupancy,,unavailable,nsight_compute_not_run
run_20260922T232200Z,memcpy_bandwidth,4194304,128,sm_utilization,,unavailable,nsight_compute_not_run
run_20260922T232200Z,memcpy_bandwidth,4194304,256,runtime_ms,0.0151136,measured,cuda_events
run_20260922T232200Z,memcpy_bandwidth,4194304,256,effective_bandwidth_GBps,2220.1482108829136,derived_estimate,bytes_moved/runtime_ms
run_20260922T232200Z,memcpy_bandwidth,4194304,256,effective_GFLOPs,0.0,derived_estimate,flops/runtime_ms
run_20260922T232200Z,memcpy_bandwidth,4194304,256,arithmetic_intensity,0.0,derived_estimate,flops/bytes_moved
run_20260922T232200Z,memcpy_bandwidth,4194304,256,device_metadata,"{""compute_capability_major"": 9, ""compute_capability_minor"": 0, ""metadata_available"": true, ""multiprocessor_count"": 132, ""name"": ""NVIDIA H100 80GB HBM3"", ""total_global_mem_bytes"": 85019590656}",measured,cuda_runtime_api
run_20260922T232200Z,memcpy_bandwidth,4194304,256,l2_cache_hit_rate,,unavailable,nsight_compute_not_run
run_20260922T232200Z,memcpy_bandwidth,4194304,256,l2_throughput_pct,,unavailable,nsight_compute_not_run
run_20260922T232200Z,memcpy_bandwidth,4194304,256,memory_throughput_pct,,unavailable,nsight_compute_not_run
run_20260922T232200Z,memcpy_bandwidth,4194304,256,occupancy,,unavailable,nsight_compute_not_run
run_20260922T232200Z,memcpy_bandwidth,4194304,256,sm_utilization,,unavailable,nsight_compute_not_run
run_20260922T232200Z,memcpy_bandwidth,4194304,512,runtime_ms,0.01363584,measured,cuda_events
run_20260922T232200Z,memcpy_bandwidth,4194304,512,effective_bandwidth_GBps,2460.7528395757063,derived_estimate,bytes_moved/runtime_ms
run_20260922T232200Z,memcpy_bandwidth,4194304,512,effective_GFLOPs,0.0,derived_estimate,flops/runtime_ms
run_20260922T232200Z,memcpy_bandwidth,4194304,512,arithmetic_intensity,0.0,derived_estimate,flops/bytes_moved
run_20260922T232200Z,memcpy_bandwidth,4194304,512,device_metadata,"{""compute_capability_major"": 9, ""compute_capability_minor"": 0, ""metadata_available"": true, ""multiprocessor_count"": 132, ""name"": ""NVIDIA H100 80GB HBM3"", ""total_global_mem_bytes"": 85019590656}",measured,cuda_runtime_api
run_20260922T232200Z,memcpy_bandwidth,4194304,512,l2_cache_hit_rate,,unavailable,nsight_compute_not_run
run_20260922T232200Z,memcpy_bandwidth,4194304,512,l2_throughput_pct,,unavailable,nsight_compute_not_run
run_20260922T232200Z,memcpy_bandwidth,4194304,512,memory_throughput_pct,,unavailable,nsight_compute_not_run
run_20260922T232200Z,memcpy_bandwidth,4194304,512,occupancy,,unavailable,nsight_compute_not_run
run_20260922T232200Z,memcpy_bandwidth,4194304,512,sm_utilization,,unavailable,nsight_compute_not_run
run_20260922T232200Z,memcpy_bandwidth,16777216,64,runtime_ms,0.16268672,measured,cuda_events
run_20260922T232200Z,memcpy_bandwidth,16777216,64,effective_bandwidth_GBps,825.007277791328,derived_estimate,bytes_moved/runtime_ms
run_20260922T232200Z,memcpy_bandwidth,16777216,64,effective_GFLOPs,0.0,derived_estimate,flops/runtime_ms
run_20260922T232200Z,memcpy_bandwidth,16777216,64,arithmetic_intensity,0.0,derived_estimate,flops/bytes_moved
run_20260922T232200Z,memcpy_bandwidth,16777216,64,device_metadata,"{""compute_capability_major"": 9, ""compute_capability_minor"": 0, ""metadata_available"": true, ""multiprocessor_count"": 132, ""name"": ""NVIDIA H100 80GB HBM3"", ""total_global_mem_bytes"": 85019590656}",measured,cuda_runtime_api
run_20260922T232200Z,memcpy_bandwidth,16777216,64,l2_cache_hit_rate,,unavailable,nsight_compute_not_run
run_20260922T232200Z,memcpy_bandwidth,16777216,64,l2_throughput_pct,,unavailable,nsight_compute_not_run
run_20260922T232200Z,memcpy_bandwidth,16777216,64,memory_throughput_pct,,unavailable,nsight_compute_not_run
run_20260922T232200Z,memcpy_bandwidth,16777216,64,occupancy,,unavailable,nsight_compute_not_run
run_20260922T232200Z,memcpy_bandwidth,16777216,64,sm_utilization,,unavailable,nsight_compute_not_run
run_20260922T232200Z,memcpy_bandwidth,16777216,128,runtime_ms,0.08434496,measured,cuda_events
run_20260922T232200Z,memcpy_bandwidth,16777216,128,effective_bandwidth_GBps,1591.2951763804265,derived_estimate,bytes_moved/runtime_ms
run_20260922T232200Z,memcpy_bandwidth,16777216,128,effective_GFLOPs,0.0,derived_estimate,flops/runtime_ms
run_20260922T232200Z,memcpy_bandwidth,16777216,128,arithmetic_intensity,0.0,derived_estimate,flops/bytes_moved
run_20260922T232200Z,memcpy_bandwidth,16777216,128,device_metadata,"{""compute_capability_major"": 9, ""compute_capability_minor"": 0, ""metadata_available"": true, ""multiprocessor_count"": 132, ""name"": ""NVIDIA H100 80GB HBM3"", ""total_global_mem_bytes"": 85019590656}",measured,cuda_runtime_api
run_20260922T232200Z,memcpy_bandwidth,16777216,128,l2_cache_hit_rate,,unavailable,nsight_compute_not_run
run_20260922T232200Z,memcpy_bandwidth,16777216,128,l2_throughput_pct,,unavailable,nsight_compute_not_run
run_20260922T232200Z,memcpy_bandwidth,16777216,128,memory_throughput_pct,,unavailable,nsight_compute_not_run
run_20260922T232200Z,memcpy_bandwidth,16777216,128,occupancy,,unavailable,nsight_compute_not_run
run_20260922T232200Z,memcpy_bandwidth,16777216,128,sm_utilization,,unavailable,nsight_compute_not_run
run_20260922T232200Z,memcpy_bandwidth,16777216,256,runtime_ms,0.0605184,measured,cuda_events
run_20260922T232200Z,memcpy_bandwidth,16777216,256,effective_bandwidth_GBps,2217.8003384094754,derived_estimate,bytes_moved/runtime_ms
run_20260922T232200Z,memcpy_bandwidth,16777216,256,effective_GFLOPs,0.0,derived_estimate,flops/runtime_ms
run_20260922T232200Z,memcpy_bandwidth,16777216,256,arithmetic_intensity,0.0,derived_estimate,flops/bytes_moved
run_20260922T232200Z,memcpy_bandwidth,16777216,256,device_metadata,"{""compute_capability_major"": 9, ""compute_capability_minor"": 0, ""metadata_available"": true, ""multiprocessor_count"": 132, ""name"": ""NVIDIA H100 80GB HBM3"", ""total_global_mem_bytes"": 85019590656}",measured,cuda_runtime_api
run_20260922T232200Z,memcpy_bandwidth,16777216,256,l2_cache_hit_rate,,unavailable,nsight_compute_not_run
run_20260922T232200Z,memcpy_bandwidth,16777216,256,l2_throughput_pct,,unavailable,nsight_compute_not_run
run_20260922T232200Z,memcpy_bandwidth,16777216,256,memory_throughput_pct,,unavailable,nsight_compute_not_run
run_20260922T232200Z,memcpy_bandwidth,16777216,256,occupancy,,unavailable,nsight_compute_not_run
run_20260922T232200Z,memcpy_bandwidth,16777216,256,sm_utilization,,unavailable,nsight_compute_not_run
run_20260922T232200Z,memcpy_bandwidth,16777216,512,runtime_ms,0.06481344,measured,cuda_events
run_20260922T232200Z,memcpy_bandwidth,16777216,512,effective_bandwidth_GBps,2070.831728727869,derived_estimate,bytes_moved/runtime_ms
run_20260922T232200Z,memcpy_bandwidth,16777216,512,effective_GFLOPs,0.0,derived_estimate,flops/runtime_ms
run_20260922T232200Z,memcpy_bandwidth,16777216,512,arithmetic_intensity,0.0,derived_estimate,flops/bytes_moved
run_20260922T232200Z,memcpy_bandwidth,16777216,512,device_metadata,"{""compute_capability_major"": 9, ""compute_capability_minor"": 0, ""metadata_available"": true, ""multiprocessor_count"": 132, ""name"": ""NVIDIA H100 80GB HBM3"", ""total_global_mem_bytes"": 85019590656}",measured,cuda_runtime_api
run_20260922T232200Z,memcpy_bandwidth,16777216,512,l2_cache_hit_rate,,unavailable,nsight_compute_not_run
run_20260922T232200Z,memcpy_bandwidth,16777216,512,l2_throughput_pct,,unavailable,nsight_compute_not_run
run_20260922T232200Z,memcpy_bandwidth,16777216,512,memory_throughput_pct,,unavailable,nsight_compute_not_run
run_20260922T232200Z,memcpy_bandwidth,16777216,512,occupancy,,unavailable,nsight_compute_not_run
run_20260922T232200Z,memcpy_bandwidth,16777216,512,sm_utilization,,unavailable,nsight_compute_not_run
run_20260922T232200Z,memcpy_bandwidth,67108864,64,runtime_ms,0.63542912,measured,cuda_events
run_20260922T232200Z,memcpy_bandwidth,67108864,64,effective_bandwidth_GBps,844.8950403783825,derived_estimate,bytes_moved/runtime_ms
run_20260922T232200Z,memcpy_bandwidth,67108864,64,effective_GFLOPs,0.0,derived_estimate,flops/runtime_ms
run_20260922T232200Z,memcpy_bandwidth,67108864,64,arithmetic_intensity,0.0,derived_estimate,flops/bytes_moved
run_20260922T232200Z,memcpy_bandwidth,67108864,64,device_metadata,"{""compute_capability_major"": 9, ""compute_capability_minor"": 0, ""metadata_available"": true, ""multiprocessor_count"": 132, ""name"": ""NVIDIA H100 80GB HBM3"", ""total_global_mem_bytes"": 85019590656}",measured,cuda_runtime_api
run_20260922T232200Z,memcpy_bandwidth,67108864,64,l2_cache_hit_rate,,unavailable,nsight_compute_not_run
run_20260922T232200Z,memcpy_bandwidth,67108864,64,l2_throughput_pct,,unavailable,nsight_compute_not_run
run_20260922T232200Z,memcpy_bandwidth,67108864,64,memory_throughput_pct,,unavailable,nsight_compute_not_run
run_20260922T232200Z,memcpy_bandwidth,67108864,64,occupancy,,unavailable,nsight_compute_not_run
run_20260922T232200Z,memcpy_bandwidth,67108864,64,sm_utilization,,unavailable,nsight_compute_not_run
run_20260922T232200Z,memcpy_bandwidth,67108864,128,runtime_ms,0.32096512,measured,cuda_events
run_20260922T232200Z,memcpy_bandwidth,67108864,128,effective_bandwidth_GBps,1672.6768067508397,derived_estimate,bytes_moved/runtime_ms
run_20260922T232200Z,memcpy_bandwidth,67108864,128,effective_GFLOPs,0.0,derived_estimate,flops/runtime_ms
run_20260922T232200Z,memcpy_bandwidth,67108864,128,arithmetic_intensity,0.0,derived_estimate,flops/bytes_moved
run_20260922T232200Z,memcpy_bandwidth,67108864,128,device_metadata,"{""compute_capability_major"": 9, ""compute_capability_minor"": 0, ""metadata_available"": true, ""multiprocessor_count"": 132, ""name"": ""NVIDIA H100 80GB HBM3"", ""total_global_mem_bytes"": 85019590656}",measured,cuda_runtime_api
run_20260922T232200Z,memcpy_bandwidth,67108864,128,l2_cache_hit_rate,,unavailable,nsight_compute_not_run
run_20260922T232200Z,memcpy_bandwidth,67108864,128,l2_throughput_pct,,unavailable,nsight_compute_not_run
run_20260922T232200Z,memcpy_bandwidth,67108864,128,memory_throughput_pct,,unavailable,nsight_compute_not_run
run_20260922T232200Z,memcpy_bandwidth,67108864,128,occupancy,,unavailable,nsight_compute_not_run
run_20260922T232200Z,memcpy_bandwidth,67108864,128,sm_utilization,,unavailable,nsight_compute_not_run
run_20260922T232200Z,memcpy_bandwidth,67108864,256,runtime_ms,0.22579072,measured,cuda_events
run_20260922T232200Z,memcpy_bandwidth,67108864,256,effective_bandwidth_GBps,2377.7368352428302,derived_estimate,bytes_moved/runtime_ms
run_20260922T232200Z,memcpy_bandwidth,67108864,256,effective_GFLOPs,0.0,derived_estimate,flops/runtime_ms
run_20260922T232200Z,memcpy_bandwidth,67108864,256,arithmetic_intensity,0.0,derived_estimate,flops/bytes_moved
run_20260922T232200Z,memcpy_bandwidth,67108864,256,device_metadata,"{""compute_capability_major"": 9, ""compute_capability_minor"": 0, ""metadata_available"": true, ""multiprocessor_count"": 132, ""name"": ""NVIDIA H100 80GB HBM3"", ""total_global_mem_bytes"": 85019590656}",measured,cuda_runtime_api
run_20260922T232200Z,memcpy_bandwidth,67108864,256,l2_cache_hit_rate,,unavailable,nsight_compute_not_run
run_20260922T232200Z,memcpy_bandwidth,67108864,256,l2_throughput_pct,,unavailable,nsight_compute_not_run
run_20260922T232200Z,memcpy_bandwidth,67108864,256,memory_throughput_pct,,unavailable,nsight_compute_not_run
run_20260922T232200Z,memcpy_bandwidth,67108864,256,occupancy,,unavailable,nsight_compute_not_run
run_20260922T232200Z,memcpy_bandwidth,67108864,256,sm_utilization,,unavailable,nsight_compute_not_run
run_20260922T232200Z,memcpy_bandwidth,67108864,512,runtime_ms,0.24324672,measured,cuda_events
run_20260922T232200Z,memcpy_bandwidth,67108864,512,effective_bandwidth_GBps,2207.104424676312,derived_estimate,bytes_moved/runtime_ms
run_20260922T232200Z,memcpy_bandwidth,67108864,512,effective_GFLOPs,0.0,derived_estimate,flops/runtime_ms
run_20260922T232200Z,memcpy_bandwidth,67108864,512,arithmetic_intensity,0.0,derived_estimate,flops/bytes_moved
run_20260922T232200Z,memcpy_bandwidth,67108864,512,device_metadata,"{""compute_capability_major"": 9, ""compute_capability_minor"": 0, ""metadata_available"": true, ""multiprocessor_count"": 132, ""name"": ""NVIDIA H100 80GB HBM3"", ""total_global_mem_bytes"": 85019590656}",measured,cuda_runtime_api
run_20260922T232200Z,memcpy_bandwidth,67108864,512,l2_cache_hit_rate,,unavailable,nsight_compute_not_run
run_20260922T232200Z,memcpy_bandwidth,67108864,512,l2_throughput_pct,,unavailable,nsight_compute_not_run
run_20260922T232200Z,memcpy_bandwidth,67108864,512,memory_throughput_pct,,unavailable,nsight_compute_not_run
run_20260922T232200Z,memcpy_bandwidth,67108864,512,occupancy,,unavailable,nsight_compute_not_run
run_20260922T232200Z,memcpy_bandwidth,67108864,512,sm_utilization,,unavailable,nsight_compute_not_run
run_20260922T232200Z,stencil_1d,1048576,64,runtime_ms,0.01482048,measured,cuda_events
run_20260922T232200Z,stencil_1d,1048576,64,effective_bandwidth_GBps,566.0145960184825,derived_estimate,bytes_moved/runtime_ms
run_20260922T232200Z,stencil_1d,1048576,64,effective_GFLOPs,353.7591225115516,derived_estimate,flops/runtime_ms
run_20260922T232200Z,stencil_1d,1048576,64,arithmetic_intensity,0.625,derived_estimate,flops/bytes_moved
run_20260922T232200Z,stencil_1d,1048576,64,device_metadata,"{""compute_capability_major"": 9, ""compute_capability_minor"": 0, ""metadata_available"": true, ""multiprocessor_count"": 132, ""name"": ""NVIDIA H100 80GB HBM3"", ""total_global_mem_bytes"": 85019590656}",measured,cuda_runtime_api
run_20260922T232200Z,stencil_1d,1048576,64,l2_cache_hit_rate,,unavailable,nsight_compute_not_run
run_20260922T232200Z,stencil_1d,1048576,64,l2_throughput_pct,,unavailable,nsight_compute_not_run
run_20260922T232200Z,stencil_1d,1048576,64,memory_throughput_pct,,unavailable,nsight_compute_not_run
run_20260922T232200Z,stencil_1d,1048576,64,occupancy,,unavailable,nsight_compute_not_run
run_20260922T232200Z,stencil_1d,1048576,64,sm_utilization,,unavailable,nsight_compute_not_run
run_20260922T232200Z,stencil_1d,1048576,128,runtime_ms,0.00988928,measured,cuda_events
run_20260922T232200Z,stencil_1d,1048576,128,effective_bandwidth_GBps,848.2526533782035,derived_estimate,bytes_moved/runtime_ms
run_20260922T232200Z,stencil_1d,1048576,128,effective_GFLOPs,530.1579083613772,derived_estimate,flops/runtime_ms
run_20260922T232200Z,stencil_1d,1048576,128,arithmetic_intensity,0.625,derived_estimate,flops/bytes_moved
run_20260922T232200Z,stencil_1d,1048576,128,device_metadata,"{""compute_capability_major"": 9, ""compute_capability_minor"": 0, ""metadata_available"": true, ""multiprocessor_count"": 132, ""name"": ""NVIDIA H100 80GB HBM3"", ""total_global_mem_bytes"": 85019590656}",measured,cuda_runtime_api
run_20260922T232200Z,stencil_1d,1048576,128,l2_cache_hit_rate,,unavailable,nsight_compute_not_run
run_20260922T232200Z,stencil_1d,1048576,128,l2_throughput_pct,,unavailable,nsight_compute_not_run
run_20260922T232200Z,stencil_1d,1048576,128,memory_throughput_pct,,unavailable,nsight_compute_not_run
run_20260922T232200Z,stencil_1d,1048576,128,occupancy,,unavailable,nsight_compute_not_run
run_20260922T232200Z,stencil_1d,1048576,128,sm_utilization,,unavailable,nsight_compute_not_run
run_20260922T232200Z,stencil_1d,1048576,256,runtime_ms,0.00756032,measured,cuda_events
run_20260922T232200Z,stencil_1d,1048576,256,effective_bandwidth_GBps,1109.5572674172522,derived_estimate,bytes_moved/runtime_ms
run_20260922T232200Z,stencil_1d,1048576,256,effective_GFLOPs,693.4732921357827,derived_estimate,flops/runtime_ms
run_20260922T232200Z,stencil_1d,1048576,256,arithmetic_intensity,0.625,derived_estimate,flops/bytes_moved
run_20260922T232200Z,stencil_1d,1048576,256,device_metadata,"{""compute_capability_major"": 9, ""compute_capability_minor"": 0, ""metadata_available"": true, ""multiprocessor_count"": 132, ""name"": ""NVIDIA H100 80GB HBM3"", ""total_global_mem_bytes"": 85019590656}",measured,cuda_runtime_api
run_20260922T232200Z,stencil_1d,1048576,256,l2_cache_hit_rate,,unavailable,nsight_compute_not_run
run_20260922T232200Z,stencil_1d,1048576,256,l2_throughput_pct,,unavailable,nsight_compute_not_run
run_20260922T232200Z,stencil_1d,1048576,256,memory_throughput_pct,,unavailable,nsight_compute_not_run
run_20260922T232200Z,stencil_1d,1048576,256,occupancy,,unavailable,nsight_compute_not_run
run_20260922T232200Z,stencil_1d,1048576,256,sm_utilization,,unavailable,nsight_compute_not_run
run_20260922T232200Z,stencil_1d,1048576,512,runtime_ms,0.00703168,measured,cuda_events
run_20260922T232200Z,stencil_1d,1048576,512,effective_bandwidth_GBps,1192.97351415309,derived_estimate,bytes_moved/runtime_ms
run_20260922T232200Z,stencil_1d,1048576,512,effective_GFLOPs,745.6084463456813,derived_estimate,flops/runtime_ms
run_20260922T232200Z,stencil_1d,1048576,512,arithmetic_intensity,0.625,derived_estimate,flops/bytes_moved
run_20260922T232200Z,stencil_1d,1048576,512,device_metadata,"{""compute_capability_major"": 9, ""compute_capability_minor"": 0, ""metadata_available"": true, ""multiprocessor_count"": 132, ""name"": ""NVIDIA H100 80GB HBM3"", ""total_global_mem_bytes"": 85019590656}",measured,cuda_runtime_api
run_20260922T232200Z,stencil_1d,1048576,512,l2_cache_hit_rate,,unavailable,nsight_compute_not_run
run_20260922T232200Z,stencil_1d,1048576,512,l2_throughput_pct,,unavailable,nsight_compute_not_run
run_20260922T232200Z,stencil_1d,1048576,512,memory_throughput_pct,,unavailable,nsight_compute_not_run
run_20260922T232200Z,stencil_1d,1048576,512,occupancy,,unavailable,nsight_compute_not_run
run_20260922T232200Z,stencil_1d,1048576,512,sm_utilization,,unavailable,nsight_compute_not_run
run_20260922T232200Z,stencil_1d,4194304,64,runtime_ms,0.04449408,measured,cuda_events
run_20260922T232200Z,stencil_1d,4194304,64,effective_bandwidth_GBps,754.1325048186187,derived_estimate,bytes_moved/runtime_ms
run_20260922T232200Z,stencil_1d,4194304,64,effective_GFLOPs,471.3328155116366,derived_estimate,flops/runtime_ms
run_20260922T232200Z,stencil_1d,4194304,64,arithmetic_intensity,0.625,derived_estimate,flops/bytes_moved
run_20260922T232200Z,stencil_1d,4194304,64,device_metadata,"{""compute_capability_major"": 9, ""compute_capability_minor"": 0, ""metadata_available"": true, ""multiprocessor_count"": 132, ""name"": ""NVIDIA H100 80GB HBM3"", ""total_global_mem_bytes"": 85019590656}",measured,cuda_runtime_api
run_20260922T232200Z,stencil_1d,4194304,64,l2_cache_hit_rate,,unavailable,nsight_compute_not_run
run_20260922T232200Z,stencil_1d,4194304,64,l2_throughput_pct,,unavailable,nsight_compute_not_run
run_20260922T232200Z,stencil_1d,4194304,64,memory_throughput_pct,,unavailable,nsight_compute_not_run
run_20260922T232200Z,stencil_1d,4194304,64,occupancy,,unavailable,nsight_compute_not_run
run_20260922T232200Z,stencil_1d,4194304,64,sm_utilization,,unavailable,nsight_compute_not_run
run_20260922T232200Z,stencil_1d,4194304,128,runtime_ms,0.02491456,measured,cuda_events
run_20260922T232200Z,stencil_1d,4194304,128,effective_bandwidth_GBps,1346.7800354491512,derived_estimate,bytes_moved/runtime_ms
run_20260922T232200Z,stencil_1d,4194304,128,effective_GFLOPs,841.7375221557195,derived_estimate,flops/runtime_ms
run_20260922T232200Z,stencil_1d,4194304,128,arithmetic_intensity,0.625,derived_estimate,flops/bytes_moved
run_20260922T232200Z,stencil_1d,4194304,128,device_metadata,"{""compute_capability_major"": 9, ""compute_capability_minor"": 0, ""metadata_available"": true, ""multiprocessor_count"": 132, ""name"": ""NVIDIA H100 80GB HBM3"", ""total_global_mem_bytes"": 85019590656}",measured,cuda_runtime_api
run_20260922T232200Z,stencil_1d,4194304,128,l2_cache_hit_rate,,unavailable,nsight_compute_not_run
run_20260922T232200Z,stencil_1d,4194304,128,l2_throughput_pct,,unavailable,nsight_compute_not_run
run_20260922T232200Z,stencil_1d,4194304,128,memory_throughput_pct,,unavailable,nsight_compute_not_run
run_20260922T232200Z,stencil_1d,4194304,128,occupancy,,unavailable,nsight_compute_not_run
run_20260922T232200Z,stencil_1d,4194304,128,sm_utilization,,unavailable,nsight_compute_not_run
run_20260922T232200Z,stencil_1d,4194304,256,runtime_ms,0.01545216,measured,cuda_events
run_20260922T232200Z,stencil_1d,4194304,256,effective_bandwidth_GBps,2171.5043074884034,derived_estimate,bytes_moved/runtime_ms
run_20260922T232200Z,stencil_1d,4194304,256,effective_GFLOPs,1357.190192180252,derived_estimate,flops/runtime_ms
run_20260922T232200Z,stencil_1d,4194304,256,arithmetic_intensity,0.625,derived_estimate,flops/bytes_moved
run_20260922T232200Z,stencil_1d,4194304,256,device_metadata,"{""compute_capability_major"": 9, ""compute_capability_minor"": 0, ""metadata_available"": true, ""multiprocessor_count"": 132, ""name"": ""NVIDIA H100 80GB HBM3"", ""total_global_mem_bytes"": 85019590656}",measured,cuda_runtime_api
run_20260922T232200Z,stencil_1d,4194304,256,l2_cache_hit_rate,,unavailable,nsight_compute_not_run
run_20260922T232200Z,stencil_1d,4194304,256,l2_throughput_pct,,unavailable,nsight_compute_not_run
run_20260922T232200Z,stencil_1d,4194304,256,memory_throughput_pct,,unavailable,nsight_compute_not_run
run_20260922T232200Z,stencil_1d,4194304,256,occupancy,,unavailable,nsight_compute_not_run
run_20260922T232200Z,stencil_1d,4194304,256,sm_utilization,,unavailable,nsight_compute_not_run
run_20260922T232200Z,stencil_1d,4194304,512,runtime_ms,0.01564352,measured,cuda_events
run_20260922T232200Z,stencil_1d,4194304,512,effective_bandwidth_GBps,2144.9412919854353,derived_estimate,bytes_moved/runtime_ms
run_20260922T232200Z,stencil_1d,4194304,512,effective_GFLOPs,1340.588307490897,derived_estimate,flops/runtime_ms
run_20260922T232200Z,stencil_1d,4194304,512,arithmetic_intensity,0.625,derived_estimate,flops/bytes_moved
run_20260922T232200Z,stencil_1d,4194304,512,device_metadata,"{""compute_capability_major"": 9, ""compute_capability_minor"": 0, ""metadata_available"": true, ""multiprocessor_count"": 132, ""name"": ""NVIDIA H100 80GB HBM3"", ""total_global_mem_bytes"": 85019590656}",measured,cuda_runtime_api
run_20260922T232200Z,stencil_1d,4194304,512,l2_cache_hit_rate,,unavailable,nsight_compute_not_run
run_20260922T232200Z,stencil_1d,4194304,512,l2_throughput_pct,,unavailable,nsight_compute_not_run
run_20260922T232200Z,stencil_1d,4194304,512,memory_throughput_pct,,unavailable,nsight_compute_not_run
run_20260922T232200Z,stencil_1d,4194304,512,occupancy,,unavailable,nsight_compute_not_run
run_20260922T232200Z,stencil_1d,4194304,512,sm_utilization,,unavailable,nsight_compute_not_run
run_20260922T232200Z,stencil_1d,16777216,64,runtime_ms,0.16281344,measured,cuda_events
run_20260922T232200Z,stencil_1d,16777216,64,effective_bandwidth_GBps,824.3651629742607,derived_estimate,bytes_moved/runtime_ms
run_20260922T232200Z,stencil_1d,16777216,64,effective_GFLOPs,515.2282268589129,derived_estimate,flops/runtime_ms
run_20260922T232200Z,stencil_1d,16777216,64,arithmetic_intensity,0.625,derived_estimate,flops/bytes_moved
run_20260922T232200Z,stencil_1d,16777216,64,device_metadata,"{""compute_capability_major"": 9, ""compute_capability_minor"": 0, ""metadata_available"": true, ""multiprocessor_count"": 132, ""name"": ""NVIDIA H100 80GB HBM3"", ""total_global_mem_bytes"": 85019590656}",measured,cuda_runtime_api
run_20260922T232200Z,stencil_1d,16777216,64,l2_cache_hit_rate,,unavailable,nsight_compute_not_run
run_20260922T232200Z,stencil_1d,16777216,64,l2_throughput_pct,,unavailable,nsight_compute_not_run
run_20260922T232200Z,stencil_1d,16777216,64,memory_throughput_pct,,unavailable,nsight_compute_not_run
run_20260922T232200Z,stencil_1d,16777216,64,occupancy,,unavailable,nsight_compute_not_run
run_20260922T232200Z,stencil_1d,16777216,64,sm_utilization,,unavailable,nsight_compute_not_run
run_20260922T232200Z,stencil_1d,16777216,128,runtime_ms,0.08436032,measured,cuda_events
run_20260922T232200Z,stencil_1d,16777216,128,effective_bandwidth_GBps,1591.0054395241743,derived_estimate,bytes_moved/runtime_ms
run_20260922T232200Z,stencil_1d,16777216,128,effective_GFLOPs,994.3783997026089,derived_estimate,flops/runtime_ms
run_20260922T232200Z,stencil_1d,16777216,128,arithmetic_intensity,0.625,derived_estimate,flops/bytes_moved
run_20260922T232200Z,stencil_1d,16777216,128,device_metadata,"{""compute_capability_major"": 9, ""compute_capability_minor"": 0, ""metadata_available"": true, ""multiprocessor_count"": 132, ""name"": ""NVIDIA H100 80GB HBM3"", ""total_global_mem_bytes"": 85019590656}",measured,cuda_runtime_api
run_20260922T232200Z,stencil_1d,16777216,128,l2_cache_hit_rate,,unavailable,nsight_compute_not_run
run_20260922T232200Z,stencil_1d,16777216,128,l2_throughput_pct,,unavailable,nsight_compute_not_run
run_20260922T232200Z,stencil_1d,16777216,128,memory_throughput_pct,,unavailable,nsight_compute_not_run
run_20260922T232200Z,stencil_1d,16777216,128,occupancy,,unavailable,nsight_compute_not_run
run_20260922T232200Z,stencil_1d,16777216,128,sm_utilization,,unavailable,nsight_compute_not_run
run_20260922T232200Z,stencil_1d,16777216,256,runtime_ms,0.065264,measured,cuda_events
run_20260922T232200Z,stencil_1d,16777216,256,effective_bandwidth_GBps,2056.53542534935,derived_estimate,bytes_moved/runtime_ms
run_20260922T232200Z,stencil_1d,16777216,256,effective_GFLOPs,1285.334640843344,derived_estimate,flops/runtime_ms
run_20260922T232200Z,stencil_1d,16777216,256,arithmetic_intensity,0.625,derived_estimate,flops/bytes_moved
run_20260922T232200Z,stencil_1d,16777216,256,device_metadata,"{""compute_capability_major"": 9, ""compute_capability_minor"": 0, ""metadata_available"": true, ""multiprocessor_count"": 132, ""name"": ""NVIDIA H100 80GB HBM3"", ""total_global_mem_bytes"": 85019590656}",measured,cuda_runtime_api
run_20260922T232200Z,stencil_1d,16777216,256,l2_cache_hit_rate,,unavailable,nsight_compute_not_run
run_20260922T232200Z,stencil_1d,16777216,256,l2_throughput_pct,,unavailable,nsight_compute_not_run
run_20260922T232200Z,stencil_1d,16777216,256,memory_throughput_pct,,unavailable,nsight_compute_not_run
run_20260922T232200Z,stencil_1d,16777216,256,occupancy,,unavailable,nsight_compute_not_run
run_20260922T232200Z,stencil_1d,16777216,256,sm_utilization,,unavailable,nsight_compute_not_run
run_20260922T232200Z,stencil_1d,16777216,512,runtime_ms,0.0691776,measured,cuda_events
run_20260922T232200Z,stencil_1d,16777216,512,effective_bandwidth_GBps,1940.190581922472,derived_estimate,bytes_moved/runtime_ms
run_20260922T232200Z,stencil_1d,16777216,512,effective_GFLOPs,1212.6191137015448,derived_estimate,flops/runtime_ms
run_20260922T232200Z,stencil_1d,16777216,512,arithmetic_intensity,0.625,derived_estimate,flops/bytes_moved
run_20260922T232200Z,stencil_1d,16777216,512,device_metadata,"{""compute_capability_major"": 9, ""compute_capability_minor"": 0, ""metadata_available"": true, ""multiprocessor_count"": 132, ""name"": ""NVIDIA H100 80GB HBM3"", ""total_global_mem_bytes"": 85019590656}",measured,cuda_runtime_api
run_20260922T232200Z,stencil_1d,16777216,512,l2_cache_hit_rate,,unavailable,nsight_compute_not_run
run_20260922T232200Z,stencil_1d,16777216,512,l2_throughput_pct,,unavailable,nsight_compute_not_run
run_20260922T232200Z,stencil_1d,16777216,512,memory_throughput_pct,,unavailable,nsight_compute_not_run
run_20260922T232200Z,stencil_1d,16777216,512,occupancy,,unavailable,nsight_compute_not_run
run_20260922T232200Z,stencil_1d,16777216,512,sm_utilization,,unavailable,nsight_compute_not_run
run_20260922T232200Z,stencil_1d,67108864,64,runtime_ms,0.63544896,measured,cuda_events
run_20260922T232200Z,stencil_1d,67108864,64,effective_bandwidth_GBps,844.8686610487175,derived_estimate,bytes_moved/runtime_ms
run_20260922T232200Z,stencil_1d,67108864,64,effective_GFLOPs,528.0429131554484,derived_estimate,flops/runtime_ms
run_20260922T232200Z,stencil_1d,67108864,64,arithmetic_intensity,0.625,derived_estimate,flops/bytes_moved
run_20260922T232200Z,stencil_1d,67108864,64,device_metadata,"{""compute_capability_major"": 9, ""compute_capability_minor"": 0, ""metadata_available"": true, ""multiprocessor_count"": 132, ""name"": ""NVIDIA H100 80GB HBM3"", ""total_global_mem_bytes"": 85019590656}",measured,cuda_runtime_api
run_20260922T232200Z,stencil_1d,67108864,64,l2_cache_hit_rate,,unavailable,nsight_compute_not_run
run_20260922T232200Z,stencil_1d,67108864,64,l2_throughput_pct,,unavailable,nsight_compute_not_run
run_20260922T232200Z,stencil_1d,67108864,64,memory_throughput_pct,,unavailable,nsight_compute_not_run
run_20260922T232200Z,stencil_1d,67108864,64,occupancy,,unavailable,nsight_compute_not_run
run_20260922T232200Z,stencil_1d,67108864,64,sm_utilization,,unavailable,nsight_compute_not_run
run_20260922T232200Z,stencil_1d,67108864,128,runtime_ms,0.32128576,measured,cuda_events
run_20260922T232200Z,stencil_1d,67108864,128,effective_bandwidth_GBps,1671.0074918975558,derived_estimate,bytes_moved/runtime_ms
run_20260922T232200Z,stencil_1d,67108864,128,effective_GFLOPs,1044.3796824359724,derived_estimate,flops/runtime_ms
run_20260922T232200Z,stencil_1d,67108864,128,arithmetic_intensity,0.625,derived_estimate,flops/bytes_moved
run_20260922T232200Z,stencil_1d,67108864,128,device_metadata,"{""compute_capability_major"": 9, ""compute_capability_minor"": 0, ""metadata_available"": true, ""multiprocessor_count"": 132, ""name"": ""NVIDIA H100 80GB HBM3"", ""total_global_mem_bytes"": 85019590656}",measured,cuda_runtime_api
run_20260922T232200Z,stencil_1d,67108864,128,l2_cache_hit_rate,,unavailable,nsight_compute_not_run
run_20260922T232200Z,stencil_1d,67108864,128,l2_throughput_pct,,unavailable,nsight_compute_not_run
run_20260922T232200Z,stencil_1d,67108864,128,memory_throughput_pct,,unavailable,nsight_compute_not_run
run_20260922T232200Z,stencil_1d,67108864,128,occupancy,,unavailable,nsight_compute_not_run
run_20260922T232200Z,stencil_1d,67108864,128,sm_utilization,,unavailable,nsight_compute_not_run
run_20260922T232200Z,stencil_1d,67108864,256,runtime_ms,0.24377088,measured,cuda_events
run_20260922T232200Z,stencil_1d,67108864,256,effective_bandwidth_GBps,2202.3586738498057,derived_estimate,bytes_moved/runtime_ms
run_20260922T232200Z,stencil_1d,67108864,256,effective_GFLOPs,1376.4741711561283,derived_estimate,flops/runtime_ms
run_20260922T232200Z,stencil_1d,67108864,256,arithmetic_intensity,0.625,derived_estimate,flops/bytes_moved
run_20260922T232200Z,stencil_1d,67108864,256,device_metadata,"{""compute_capability_major"": 9, ""compute_capability_minor"": 0, ""metadata_available"": true, ""multiprocessor_count"": 132, ""name"": ""NVIDIA H100 80GB HBM3"", ""total_global_mem_bytes"": 85019590656}",measured,cuda_runtime_api
run_20260922T232200Z,stencil_1d,67108864,256,l2_cache_hit_rate,,unavailable,nsight_compute_not_run
run_20260922T232200Z,stencil_1d,67108864,256,l2_throughput_pct,,unavailable,nsight_compute_not_run
run_20260922T232200Z,stencil_1d,67108864,256,memory_throughput_pct,,unavailable,nsight_compute_not_run
run_20260922T232200Z,stencil_1d,67108864,256,occupancy,,unavailable,nsight_compute_not_run
run_20260922T232200Z,stencil_1d,67108864,256,sm_utilization,,unavailable,nsight_compute_not_run
run_20260922T232200Z,stencil_1d,67108864,512,runtime_ms,0.25986304,measured,cuda_events
run_20260922T232200Z,stencil_1d,67108864,512,effective_bandwidth_GBps,2065.976415884306,derived_estimate,bytes_moved/runtime_ms
run_20260922T232200Z,stencil_1d,67108864,512,effective_GFLOPs,1291.2352599276912,derived_estimate,flops/runtime_ms
run_20260922T232200Z,stencil_1d,67108864,512,arithmetic_intensity,0.625,derived_estimate,flops/bytes_moved
run_20260922T232200Z,stencil_1d,67108864,512,device_metadata,"{""compute_capability_major"": 9, ""compute_capability_minor"": 0, ""metadata_available"": true, ""multiprocessor_count"": 132, ""name"": ""NVIDIA H100 80GB HBM3"", ""total_global_mem_bytes"": 85019590656}",measured,cuda_runtime_api
run_20260922T232200Z,stencil_1d,67108864,512,l2_cache_hit_rate,,unavailable,nsight_compute_not_run
run_20260922T232200Z,stencil_1d,67108864,512,l2_throughput_pct,,unavailable,nsight_compute_not_run
run_20260922T232200Z,stencil_1d,67108864,512,memory_throughput_pct,,unavailable,nsight_compute_not_run
run_20260922T232200Z,stencil_1d,67108864,512,occupancy,,unavailable,nsight_compute_not_run
run_20260922T232200Z,stencil_1d,67108864,512,sm_utilization,,unavailable,nsight_compute_not_run
run_20260922T232200Z,reduction,1048576,64,runtime_ms,0.01551872,measured,cuda_events
run_20260922T232200Z,reduction,1048576,64,effective_bandwidth_GBps,274.4968657208842,derived_estimate,bytes_moved/runtime_ms
run_20260922T232200Z,reduction,1048576,64,effective_GFLOPs,67.56839481606731,derived_estimate,flops/runtime_ms
run_20260922T232200Z,reduction,1048576,64,arithmetic_intensity,0.24615361140324518,derived_estimate,flops/bytes_moved
run_20260922T232200Z,reduction,1048576,64,device_metadata,"{""compute_capability_major"": 9, ""compute_capability_minor"": 0, ""metadata_available"": true, ""multiprocessor_count"": 132, ""name"": ""NVIDIA H100 80GB HBM3"", ""total_global_mem_bytes"": 85019590656}",measured,cuda_runtime_api
run_20260922T232200Z,reduction,1048576,64,l2_cache_hit_rate,,unavailable,nsight_compute_not_run
run_20260922T232200Z,reduction,1048576,64,l2_throughput_pct,,unavailable,nsight_compute_not_run
run_20260922T232200Z,reduction,1048576,64,memory_throughput_pct,,unavailable,nsight_compute_not_run
run_20260922T232200Z,reduction,1048576,64,occupancy,,unavailable,nsight_compute_not_run
run_20260922T232200Z,reduction,1048576,64,sm_utilization,,unavailable,nsight_compute_not_run
run_20260922T232200Z,reduction,1048576,128,runtime_ms,0.01046592,measured,cuda_events
run_20260922T232200Z,reduction,1048576,128,effective_bandwidth_GBps,403.88919464318474,derived_estimate,bytes_moved/runtime_ms
run_20260922T232200Z,reduction,1048576,128,effective_GFLOPs,100.1894721152082,derived_estimate,flops/runtime_ms
run_20260922T232200Z,reduction,1048576,128,arithmetic_intensity,0.2480617789335029,derived_estimate,flops/bytes_moved
run_20260922T232200Z,reduction,1048576,128,device_metadata,"{""compute_capability_major"": 9, ""compute_capability_minor"": 0, ""metadata_available"": true, ""multiprocessor_count"": 132, ""name"": ""NVIDIA H100 80GB HBM3"", ""total_global_mem_bytes"": 85019590656}",measured,cuda_runtime_api
run_20260922T232200Z,reduction,1048576,128,l2_cache_hit_rate,,unavailable,nsight_compute_not_run
run_20260922T232200Z,reduction,1048576,128,l2_throughput_pct,,unavailable,nsight_compute_not_run
run_20260922T232200Z,reduction,1048576,128,memory_throughput_pct,,unavailable,nsight_compute_not_run
run_20260922T232200Z,reduction,1048576,128,occupancy,,unavailable,nsight_compute_not_run
run_20260922T232200Z,reduction,1048576,128,sm_utilization,,unavailable,nsight_compute_not_run
run_20260922T232200Z,reduction,1048576,256,runtime_ms,0.009472,measured,cuda_events
run_20260922T232200Z,reduction,1048576,256,effective_bandwidth_GBps,444.5405405405405,derived_estimate,bytes_moved/runtime_ms
run_20260922T232200Z,reduction,1048576,256,effective_GFLOPs,110.70259712837837,derived_estimate,flops/runtime_ms
run_20260922T232200Z,reduction,1048576,256,arithmetic_intensity,0.24902699986320526,derived_estimate,flops/bytes_moved
run_20260922T232200Z,reduction,1048576,256,device_metadata,"{""compute_capability_major"": 9, ""compute_capability_minor"": 0, ""metadata_available"": true, ""multiprocessor_count"": 132, ""name"": ""NVIDIA H100 80GB HBM3"", ""total_global_mem_bytes"": 85019590656}",measured,cuda_runtime_api
run_20260922T232200Z,reduction,1048576,256,l2_cache_hit_rate,,unavailable,nsight_compute_not_run
run_20260922T232200Z,reduction,1048576,256,l2_throughput_pct,,unavailable,nsight_compute_not_run
run_20260922T232200Z,reduction,1048576,256,memory_throughput_pct,,unavailable,nsight_compute_not_run
run_20260922T232200Z,reduction,1048576,256,occupancy,,unavailable,nsight_compute_not_run
run_20260922T232200Z,reduction,1048576,256,sm_utilization,,unavailable,nsight_compute_not_run
run_20260922T232200Z,reduction,1048576,512,runtime_ms,0.01009024,measured,cuda_events
run_20260922T232200Z,reduction,1048576,512,effective_bandwidth_GBps,416.4911835595586,derived_estimate,bytes_moved/runtime_ms
run_20260922T232200Z,reduction,1048576,512,effective_GFLOPs,103.91972837117848,derived_estimate,flops/runtime_ms
run_20260922T232200Z,reduction,1048576,512,arithmetic_intensity,0.2495124326114766,derived_estimate,flops/bytes_moved
run_20260922T232200Z,reduction,1048576,512,device_metadata,"{""compute_capability_major"": 9, ""compute_capability_minor"": 0, ""metadata_available"": true, ""multiprocessor_count"": 132, ""name"": ""NVIDIA H100 80GB HBM3"", ""total_global_mem_bytes"": 85019590656}",measured,cuda_runtime_api
run_20260922T232200Z,reduction,1048576,512,l2_cache_hit_rate,,unavailable,nsight_compute_not_run
run_20260922T232200Z,reduction,1048576,512,l2_throughput_pct,,unavailable,nsight_compute_not_run
run_20260922T232200Z,reduction,1048576,512,memory_throughput_pct,,unavailable,nsight_compute_not_run
run_20260922T232200Z,reduction,1048576,512,occupancy,,unavailable,nsight_compute_not_run
run_20260922T232200Z,reduction,1048576,512,sm_utilization,,unavailable,nsight_compute_not_run
run_20260922T232200Z,reduction,4194304,64,runtime_ms,0.04501248,measured,cuda_events
run_20260922T232200Z,reduction,4194304,64,effective_bandwidth_GBps,378.5474606153671,derived_estimate,bytes_moved/runtime_ms
run_20260922T232200Z,reduction,4194304,64,effective_GFLOPs,93.18089116618324,derived_estimate,flops/runtime_ms
run_20260922T232200Z,reduction,4194304,64,arithmetic_intensity,0.2461537874661959,derived_estimate,flops/bytes_moved
run_20260922T232200Z,reduction,4194304,64,device_metadata,"{""compute_capability_major"": 9, ""compute_capability_minor"": 0, ""metadata_available"": true, ""multiprocessor_count"": 132, ""name"": ""NVIDIA H100 80GB HBM3"", ""total_global_mem_bytes"": 85019590656}",measured,cuda_runtime_api
run_20260922T232200Z,reduction,4194304,64,l2_cache_hit_rate,,unavailable,nsight_compute_not_run
run_20260922T232200Z,reduction,4194304,64,l2_throughput_pct,,unavailable,nsight_compute_not_run
run_20260922T232200Z,reduction,4194304,64,memory_throughput_pct,,unavailable,nsight_compute_not_run
run_20260922T232200Z,reduction,4194304,64,occupancy,,unavailable,nsight_compute_not_run
run_20260922T232200Z,reduction,4194304,64,sm_utilization,,unavailable,nsight_compute_not_run
run_20260922T232200Z,reduction,4194304,128,runtime_ms,0.0253664,measured,cuda_events
run_20260922T232200Z,reduction,4194304,128,effective_bandwidth_GBps,666.5623817333164,derived_estimate,bytes_moved/runtime_ms
run_20260922T232200Z,reduction,4194304,128,effective_GFLOPs,165.3487684496026,derived_estimate,flops/runtime_ms
run_20260922T232200Z,reduction,4194304,128,arithmetic_intensity,0.2480619563612827,derived_estimate,flops/bytes_moved
run_20260922T232200Z,reduction,4194304,128,device_metadata,"{""compute_capability_major"": 9, ""compute_capability_minor"": 0, ""metadata_available"": true, ""multiprocessor_count"": 132, ""name"": ""NVIDIA H100 80GB HBM3"", ""total_global_mem_bytes"": 85019590656}",measured,cuda_runtime_api
run_20260922T232200Z,reduction,4194304,128,l2_cache_hit_rate,,unavailable,nsight_compute_not_run
run_20260922T232200Z,reduction,4194304,128,l2_throughput_pct,,unavailable,nsight_compute_not_run
run_20260922T232200Z,reduction,4194304,128,memory_throughput_pct,,unavailable,nsight_compute_not_run
run_20260922T232200Z,reduction,4194304,128,occupancy,,unavailable,nsight_compute_not_run
run_20260922T232200Z,reduction,4194304,128,sm_utilization,,unavailable,nsight_compute_not_run
run_20260922T232200Z,reduction,4194304,256,runtime_ms,0.0219392,measured,cuda_events
run_20260922T232200Z,reduction,4194304,256,effective_bandwidth_GBps,767.7012835472578,derived_estimate,bytes_moved/runtime_ms
run_20260922T232200Z,reduction,4194304,256,effective_GFLOPs,191.17848417444574,derived_estimate,flops/runtime_ms
run_20260922T232200Z,reduction,4194304,256,arithmetic_intensity,0.2490271779813655,derived_estimate,flops/bytes_moved
run_20260922T232200Z,reduction,4194304,256,device_metadata,"{""compute_capability_major"": 9, ""compute_capability_minor"": 0, ""metadata_available"": true, ""multiprocessor_count"": 132, ""name"": ""NVIDIA H100 80GB HBM3"", ""total_global_mem_bytes"": 85019590656}",measured,cuda_runtime_api
run_20260922T232200Z,reduction,4194304,256,l2_cache_hit_rate,,unavailable,nsight_compute_not_run
run_20260922T232200Z,reduction,4194304,256,l2_throughput_pct,,unavailable,nsight_compute_not_run
run_20260922T232200Z,reduction,4194304,256,memory_throughput_pct,,unavailable,nsight_compute_not_run
run_20260922T232200Z,reduction,4194304,256,occupancy,,unavailable,nsight_compute_not_run
run_20260922T232200Z,reduction,4194304,256,sm_utilization,,unavailable,nsight_compute_not_run
run_20260922T232200Z,reduction,4194304,512,runtime_ms,0.02405184,measured,cuda_events
run_20260922T232200Z,reduction,4194304,512,effective_bandwidth_GBps,698.9063622575237,derived_estimate,bytes_moved/runtime_ms
run_20260922T232200Z,reduction,4194304,512,effective_GFLOPs,174.38595134509458,derived_estimate,flops/runtime_ms
run_20260922T232200Z,reduction,4194304,512,arithmetic_intensity,0.24951261107684575,derived_estimate,flops/bytes_moved
run_20260922T232200Z,reduction,4194304,512,device_metadata,"{""compute_capability_major"": 9, ""compute_capability_minor"": 0, ""metadata_available"": true, ""multiprocessor_count"": 132, ""name"": ""NVIDIA H100 80GB HBM3"", ""total_global_mem_bytes"": 85019590656}",measured,cuda_runtime_api
run_20260922T232200Z,reduction,4194304,512,l2_cache_hit_rate,,unavailable,nsight_compute_not_run
run_20260922T232200Z,reduction,4194304,512,l2_throughput_pct,,unavailable,nsight_compute_not_run
run_20260922T232200Z,reduction,4194304,512,memory_throughput_pct,,unavailable,nsight_compute_not_run
run_20260922T232200Z,reduction,4194304,512,occupancy,,unavailable,nsight_compute_not_run
run_20260922T232200Z,reduction,4194304,512,sm_utilization,,unavailable,nsight_compute_not_run
run_20260922T232200Z,reduction,16777216,64,runtime_ms,0.16331968,measured,cuda_events
run_20260922T232200Z,reduction,16777216,64,effective_bandwidth_GBps,417.32533397077435,derived_estimate,bytes_moved/runtime_ms
run_20260922T232200Z,reduction,16777216,64,effective_GFLOPs,102.72622993138366,derived_estimate,flops/runtime_ms
run_20260922T232200Z,reduction,16777216,64,arithmetic_intensity,0.2461538314819336,derived_estimate,flops/bytes_moved
run_20260922T232200Z,reduction,16777216,64,device_metadata,"{""compute_capability_major"": 9, ""compute_capability_minor"": 0, ""metadata_available"": true, ""multiprocessor_count"": 132, ""name"": ""NVIDIA H100 80GB HBM3"", ""total_global_mem_bytes"": 85019590656}",measured,cuda_runtime_api
run_20260922T232200Z,reduction,16777216,64,l2_cache_hit_rate,,unavailable,nsight_compute_not_run
run_20260922T232200Z,reduction,16777216,64,l2_throughput_pct,,unavailable,nsight_compute_not_run
run_20260922T232200Z,reduction,16777216,64,memory_throughput_pct,,unavailable,nsight_compute_not_run
run_20260922T232200Z,reduction,16777216,64,occupancy,,unavailable,nsight_compute_not_run
run_20260922T232200Z,reduction,16777216,64,sm_utilization,,unavailable,nsight_compute_not_run
run_20260922T232200Z,reduction,16777216,128,runtime_ms,0.08465856000000001,measured,cuda_events
run_20260922T232200Z,reduction,16777216,128,effective_bandwidth_GBps,798.8932483614178,derived_estimate,bytes_moved/runtime_ms
run_20260922T232200Z,reduction,16777216,128,effective_GFLOPs,198.17505754881725,derived_estimate,flops/runtime_ms
run_20260922T232200Z,reduction,16777216,128,arithmetic_intensity,0.24806200071822765,derived_estimate,flops/bytes_moved
run_20260922T232200Z,reduction,16777216,128,device_metadata,"{""compute_capability_major"": 9, ""compute_capability_minor"": 0, ""metadata_available"": true, ""multiprocessor_count"": 132, ""name"": ""NVIDIA H100 80GB HBM3"", ""total_global_mem_bytes"": 85019590656}",measured,cuda_runtime_api
run_20260922T232200Z,reduction,16777216,128,l2_cache_hit_rate,,unavailable,nsight_compute_not_run
run_20260922T232200Z,reduction,16777216,128,l2_throughput_pct,,unavailable,nsight_compute_not_run
run_20260922T232200Z,reduction,16777216,128,memory_throughput_pct,,unavailable,nsight_compute_not_run
run_20260922T232200Z,reduction,16777216,128,occupancy,,unavailable,nsight_compute_not_run
run_20260922T232200Z,reduction,16777216,128,sm_utilization,,unavailable,nsight_compute_not_run
run_20260922T232200Z,reduction,16777216,256,runtime_ms,0.08137791999999999,measured,cuda_events
run_20260922T232200Z,reduction,16777216,256,effective_bandwidth_GBps,827.8782254449364,derived_estimate,bytes_moved/runtime_ms
run_20260922T232200Z,reduction,16777216,256,effective_GFLOPs,206.1642150598099,derived_estimate,flops/runtime_ms
run_20260922T232200Z,reduction,16777216,256,arithmetic_intensity,0.2490272225109056,derived_estimate,flops/bytes_moved
run_20260922T232200Z,reduction,16777216,256,device_metadata,"{""compute_capability_major"": 9, ""compute_capability_minor"": 0, ""metadata_available"": true, ""multiprocessor_count"": 132, ""name"": ""NVIDIA H100 80GB HBM3"", ""total_global_mem_bytes"": 85019590656}",measured,cuda_runtime_api
run_20260922T232200Z,reduction,16777216,256,l2_cache_hit_rate,,unavailable,nsight_compute_not_run
run_20260922T232200Z,reduction,16777216,256,l2_throughput_pct,,unavailable,nsight_compute_not_run
run_20260922T232200Z,reduction,16777216,256,memory_throughput_pct,,unavailable,nsight_compute_not_run
run_20260922T232200Z,reduction,16777216,256,occupancy,,unavailable,nsight_compute_not_run
run_20260922T232200Z,reduction,16777216,256,sm_utilization,,unavailable,nsight_compute_not_run
run_20260922T232200Z,reduction,16777216,512,runtime_ms,0.09209536,measured,cuda_events
run_20260922T232200Z,reduction,16777216,512,effective_bandwidth_GBps,730.1120925093294,derived_estimate,bytes_moved/runtime_ms
run_20260922T232200Z,reduction,16777216,512,effective_GFLOPs,182.17220715571338,derived_estimate,flops/runtime_ms
run_20260922T232200Z,reduction,16777216,512,arithmetic_intensity,0.24951265569318803,derived_estimate,flops/bytes_moved
run_20260922T232200Z,reduction,16777216,512,device_metadata,"{""compute_capability_major"": 9, ""compute_capability_minor"": 0, ""metadata_available"": true, ""multiprocessor_count"": 132, ""name"": ""NVIDIA H100 80GB HBM3"", ""total_global_mem_bytes"": 85019590656}",measured,cuda_runtime_api
run_20260922T232200Z,reduction,16777216,512,l2_cache_hit_rate,,unavailable,nsight_compute_not_run
run_20260922T232200Z,reduction,16777216,512,l2_throughput_pct,,unavailable,nsight_compute_not_run
run_20260922T232200Z,reduction,16777216,512,memory_throughput_pct,,unavailable,nsight_compute_not_run
run_20260922T232200Z,reduction,16777216,512,occupancy,,unavailable,nsight_compute_not_run
run_20260922T232200Z,reduction,16777216,512,sm_utilization,,unavailable,nsight_compute_not_run
run_20260922T232200Z,reduction,67108864,64,runtime_ms,0.63621888,measured,cuda_events
run_20260922T232200Z,reduction,67108864,64,effective_bandwidth_GBps,428.5156705817972,derived_estimate,bytes_moved/runtime_ms
run_20260922T232200Z,reduction,67108864,64,effective_GFLOPs,105.48077887911782,derived_estimate,flops/runtime_ms
run_20260922T232200Z,reduction,67108864,64,arithmetic_intensity,0.24615384248586802,derived_estimate,flops/bytes_moved
run_20260922T232200Z,reduction,67108864,64,device_metadata,"{""compute_capability_major"": 9, ""compute_capability_minor"": 0, ""metadata_available"": true, ""multiprocessor_count"": 132, ""name"": ""NVIDIA H100 80GB HBM3"", ""total_global_mem_bytes"": 85019590656}",measured,cuda_runtime_api
run_20260922T232200Z,reduction,67108864,64,l2_cache_hit_rate,,unavailable,nsight_compute_not_run
run_20260922T232200Z,reduction,67108864,64,l2_throughput_pct,,unavailable,nsight_compute_not_run
run_20260922T232200Z,reduction,67108864,64,memory_throughput_pct,,unavailable,nsight_compute_not_run
run_20260922T232200Z,reduction,67108864,64,occupancy,,unavailable,nsight_compute_not_run
run_20260922T232200Z,reduction,67108864,64,sm_utilization,,unavailable,nsight_compute_not_run
run_20260922T232200Z,reduction,67108864,128,runtime_ms,0.32144256,measured,cuda_events
run_20260922T232200Z,reduction,67108864,128,effective_bandwidth_GBps,841.6203753479316,derived_estimate,bytes_moved/runtime_ms
run_20260922T232200Z,reduction,67108864,128,effective_GFLOPs,208.7740434869608,derived_estimate,flops/runtime_ms
run_20260922T232200Z,reduction,67108864,128,arithmetic_intensity,0.2480620118074639,derived_estimate,flops/bytes_moved
run_20260922T232200Z,reduction,67108864,128,device_metadata,"{""compute_capability_major"": 9, ""compute_capability_minor"": 0, ""metadata_available"": true, ""multiprocessor_count"": 132, ""name"": ""NVIDIA H100 80GB HBM3"", ""total_global_mem_bytes"": 85019590656}",measured,cuda_runtime_api
run_20260922T232200Z,reduction,67108864,128,l2_cache_hit_rate,,unavailable,nsight_compute_not_run
run_20260922T232200Z,reduction,67108864,128,l2_throughput_pct,,unavailable,nsight_compute_not_run
run_20260922T232200Z,reduction,67108864,128,memory_throughput_pct,,unavailable,nsight_compute_not_run
run_20260922T232200Z,reduction,67108864,128,occupancy,,unavailable,nsight_compute_not_run
run_20260922T232200Z,reduction,67108864,128,sm_utilization,,unavailable,nsight_compute_not_run
run_20260922T232200Z,reduction,67108864,256,runtime_ms,0.3077856,measured,cuda_events
run_20260922T232200Z,reduction,67108864,256,effective_bandwidth_GBps,875.5576349250907,derived_estimate,bytes_moved/runtime_ms
run_20260922T232200Z,reduction,67108864,256,effective_GFLOPs,218.03769572065752,derived_estimate,flops/runtime_ms
run_20260922T232200Z,reduction,67108864,256,arithmetic_intensity,0.2490272336432906,derived_estimate,flops/bytes_moved
run_20260922T232200Z,reduction,67108864,256,device_metadata,"{""compute_capability_major"": 9, ""compute_capability_minor"": 0, ""metadata_available"": true, ""multiprocessor_count"": 132, ""name"": ""NVIDIA H100 80GB HBM3"", ""total_global_mem_bytes"": 85019590656}",measured,cuda_runtime_api
run_20260922T232200Z,reduction,67108864,256,l2_cache_hit_rate,,unavailable,nsight_compute_not_run
run_20260922T232200Z,reduction,67108864,256,l2_throughput_pct,,unavailable,nsight_compute_not_run
run_20260922T232200Z,reduction,67108864,256,memory_throughput_pct,,unavailable,nsight_compute_not_run
run_20260922T232200Z,reduction,67108864,256,occupancy,,unavailable,nsight_compute_not_run
run_20260922T232200Z,reduction,67108864,256,sm_utilization,,unavailable,nsight_compute_not_run
run_20260922T232200Z,reduction,67108864,512,runtime_ms,0.35014144,measured,cuda_events
run_20260922T232200Z,reduction,67108864,512,effective_bandwidth_GBps,768.1459926594235,derived_estimate,bytes_moved/runtime_ms
run_20260922T232200Z,reduction,67108864,512,effective_GFLOPs,191.66215515649904,derived_estimate,flops/runtime_ms
run_20260922T232200Z,reduction,67108864,512,arithmetic_intensity,0.2495126668472736,derived_estimate,flops/bytes_moved
run_20260922T232200Z,reduction,67108864,512,device_metadata,"{""compute_capability_major"": 9, ""compute_capability_minor"": 0, ""metadata_available"": true, ""multiprocessor_count"": 132, ""name"": ""NVIDIA H100 80GB HBM3"", ""total_global_mem_bytes"": 85019590656}",measured,cuda_runtime_api
run_20260922T232200Z,reduction,67108864,512,l2_cache_hit_rate,,unavailable,nsight_compute_not_run
run_20260922T232200Z,reduction,67108864,512,l2_throughput_pct,,unavailable,nsight_compute_not_run
run_20260922T232200Z,reduction,67108864,512,memory_throughput_pct,,unavailable,nsight_compute_not_run
run_20260922T232200Z,reduction,67108864,512,occupancy,,unavailable,nsight_compute_not_run
run_20260922T232200Z,reduction,67108864,512,sm_utilization,,unavailable,nsight_compute_not_run
run_20260922T232200Z,gemm_naive,128,16,runtime_ms,0.00878464,measured,cuda_events
run_20260922T232200Z,gemm_naive,128,16,effective_bandwidth_GBps,22.380882995774442,derived_estimate,bytes_moved/runtime_ms
run_20260922T232200Z,gemm_naive,128,16,effective_GFLOPs,477.45883724318816,derived_estimate,flops/runtime_ms
run_20260922T232200Z,gemm_naive,128,16,arithmetic_intensity,21.333333333333332,derived_estimate,flops/bytes_moved
run_20260922T232200Z,gemm_naive,128,16,device_metadata,"{""compute_capability_major"": 9, ""compute_capability_minor"": 0, ""metadata_available"": true, ""multiprocessor_count"": 132, ""name"": ""NVIDIA H100 80GB HBM3"", ""total_global_mem_bytes"": 85019590656}",measured,cuda_runtime_api
run_20260922T232200Z,gemm_naive,128,16,l2_cache_hit_rate,,unavailable,nsight_compute_not_run
run_20260922T232200Z,gemm_naive,128,16,l2_throughput_pct,,unavailable,nsight_compute_not_run
run_20260922T232200Z,gemm_naive,128,16,memory_throughput_pct,,unavailable,nsight_compute_not_run
run_20260922T232200Z,gemm_naive,128,16,occupancy,,unavailable,nsight_compute_not_run
run_20260922T232200Z,gemm_naive,128,16,sm_utilization,,unavailable,nsight_compute_not_run
run_20260922T232200Z,gemm_naive,256,16,runtime_ms,0.0136032,measured,cuda_events
run_20260922T232200Z,gemm_naive,256,16,effective_bandwidth_GBps,57.812279463655614,derived_estimate,bytes_moved/runtime_ms
run_20260922T232200Z,gemm_naive,256,16,effective_GFLOPs,2466.657257115973,derived_estimate,flops/runtime_ms
run_20260922T232200Z,gemm_naive,256,16,arithmetic_intensity,42.666666666666664,derived_estimate,flops/bytes_moved
run_20260922T232200Z,gemm_naive,256,16,device_metadata,"{""compute_capability_major"": 9, ""compute_capability_minor"": 0, ""metadata_available"": true, ""multiprocessor_count"": 132, ""name"": ""NVIDIA H100 80GB HBM3"", ""total_global_mem_bytes"": 85019590656}",measured,cuda_runtime_api
run_20260922T232200Z,gemm_naive,256,16,l2_cache_hit_rate,,unavailable,nsight_compute_not_run
run_20260922T232200Z,gemm_naive,256,16,l2_throughput_pct,,unavailable,nsight_compute_not_run
run_20260922T232200Z,gemm_naive,256,16,memory_throughput_pct,,unavailable,nsight_compute_not_run
run_20260922T232200Z,gemm_naive,256,16,occupancy,,unavailable,nsight_compute_not_run
run_20260922T232200Z,gemm_naive,256,16,sm_utilization,,unavailable,nsight_compute_not_run
run_20260922T232200Z,gemm_naive,512,16,runtime_ms,0.06032384,measured,cuda_events
run_20260922T232200Z,gemm_naive,512,16,effective_bandwidth_GBps,52.14734340519437,derived_estimate,bytes_moved/runtime_ms
run_20260922T232200Z,gemm_naive,512,16,effective_GFLOPs,4449.906637243253,derived_estimate,flops/runtime_ms
run_20260922T232200Z,gemm_naive,512,16,arithmetic_intensity,85.33333333333333,derived_estimate,flops/bytes_moved
run_20260922T232200Z,gemm_naive,512,16,device_metadata,"{""compute_capability_major"": 9, ""compute_capability_minor"": 0, ""metadata_available"": true, ""multiprocessor_count"": 132, ""name"": ""NVIDIA H100 80GB HBM3"", ""total_global_mem_bytes"": 85019590656}",measured,cuda_runtime_api
run_20260922T232200Z,gemm_naive,512,16,l2_cache_hit_rate,,unavailable,nsight_compute_not_run
run_20260922T232200Z,gemm_naive,512,16,l2_throughput_pct,,unavailable,nsight_compute_not_run
run_20260922T232200Z,gemm_naive,512,16,memory_throughput_pct,,unavailable,nsight_compute_not_run
run_20260922T232200Z,gemm_naive,512,16,occupancy,,unavailable,nsight_compute_not_run
run_20260922T232200Z,gemm_naive,512,16,sm_utilization,,unavailable,nsight_compute_not_run
run_20260922T232200Z,gemm_naive,1024,16,runtime_ms,0.417904,measured,cuda_events
run_20260922T232200Z,gemm_naive,1024,16,effective_bandwidth_GBps,30.109575404877678,derived_estimate,bytes_moved/runtime_ms
run_20260922T232200Z,gemm_naive,1024,16,effective_GFLOPs,5138.700869099124,derived_estimate,flops/runtime_ms
run_20260922T232200Z,gemm_naive,1024,16,arithmetic_intensity,170.66666666666666,derived_estimate,flops/bytes_moved
run_20260922T232200Z,gemm_naive,1024,16,device_metadata,"{""compute_capability_major"": 9, ""compute_capability_minor"": 0, ""metadata_available"": true, ""multiprocessor_count"": 132, ""name"": ""NVIDIA H100 80GB HBM3"", ""total_global_mem_bytes"": 85019590656}",measured,cuda_runtime_api
run_20260922T232200Z,gemm_naive,1024,16,l2_cache_hit_rate,,unavailable,nsight_compute_not_run
run_20260922T232200Z,gemm_naive,1024,16,l2_throughput_pct,,unavailable,nsight_compute_not_run
run_20260922T232200Z,gemm_naive,1024,16,memory_throughput_pct,,unavailable,nsight_compute_not_run
run_20260922T232200Z,gemm_naive,1024,16,occupancy,,unavailable,nsight_compute_not_run
run_20260922T232200Z,gemm_naive,1024,16,sm_utilization,,unavailable,nsight_compute_not_run
run_20260922T232200Z,gemm_naive,2048,16,runtime_ms,3.17654208,measured,cuda_events
run_20260922T232200Z,gemm_naive,2048,16,effective_bandwidth_GBps,15.844791830996302,derived_estimate,bytes_moved/runtime_ms
run_20260922T232200Z,gemm_naive,2048,16,effective_GFLOPs,5408.355611646738,derived_estimate,flops/runtime_ms
run_20260922T232200Z,gemm_naive,2048,16,arithmetic_intensity,341.3333333333333,derived_estimate,flops/bytes_moved
run_20260922T232200Z,gemm_naive,2048,16,device_metadata,"{""compute_capability_major"": 9, ""compute_capability_minor"": 0, ""metadata_available"": true, ""multiprocessor_count"": 132, ""name"": ""NVIDIA H100 80GB HBM3"", ""total_global_mem_bytes"": 85019590656}",measured,cuda_runtime_api
run_20260922T232200Z,gemm_naive,2048,16,l2_cache_hit_rate,,unavailable,nsight_compute_not_run
run_20260922T232200Z,gemm_naive,2048,16,l2_throughput_pct,,unavailable,nsight_compute_not_run
run_20260922T232200Z,gemm_naive,2048,16,memory_throughput_pct,,unavailable,nsight_compute_not_run
run_20260922T232200Z,gemm_naive,2048,16,occupancy,,unavailable,nsight_compute_not_run
run_20260922T232200Z,gemm_naive,2048,16,sm_utilization,,unavailable,nsight_compute_not_run
run_20260922T232200Z,gemm_tiled,128,16,runtime_ms,0.00775488,measured,cuda_events
run_20260922T232200Z,gemm_tiled,128,16,effective_bandwidth_GBps,25.352810101510276,derived_estimate,bytes_moved/runtime_ms
run_20260922T232200Z,gemm_tiled,128,16,effective_GFLOPs,540.8599488322193,derived_estimate,flops/runtime_ms
run_20260922T232200Z,gemm_tiled,128,16,arithmetic_intensity,21.333333333333332,derived_estimate,flops/bytes_moved
run_20260922T232200Z,gemm_tiled,128,16,device_metadata,"{""compute_capability_major"": 9, ""compute_capability_minor"": 0, ""metadata_available"": true, ""multiprocessor_count"": 132, ""name"": ""NVIDIA H100 80GB HBM3"", ""total_global_mem_bytes"": 85019590656}",measured,cuda_runtime_api
run_20260922T232200Z,gemm_tiled,128,16,l2_cache_hit_rate,,unavailable,nsight_compute_not_run
run_20260922T232200Z,gemm_tiled,128,16,l2_throughput_pct,,unavailable,nsight_compute_not_run
run_20260922T232200Z,gemm_tiled,128,16,memory_throughput_pct,,unavailable,nsight_compute_not_run
run_20260922T232200Z,gemm_tiled,128,16,occupancy,,unavailable,nsight_compute_not_run
run_20260922T232200Z,gemm_tiled,128,16,sm_utilization,,unavailable,nsight_compute_not_run
run_20260922T232200Z,gemm_tiled,256,16,runtime_ms,0.011613440000000001,measured,cuda_events
run_20260922T232200Z,gemm_tiled,256,16,effective_bandwidth_GBps,67.71740328447041,derived_estimate,bytes_moved/runtime_ms
run_20260922T232200Z,gemm_tiled,256,16,effective_GFLOPs,2889.275873470737,derived_estimate,flops/runtime_ms
run_20260922T232200Z,gemm_tiled,256,16,arithmetic_intensity,42.666666666666664,derived_estimate,flops/bytes_moved
run_20260922T232200Z,gemm_tiled,256,16,device_metadata,"{""compute_capability_major"": 9, ""compute_capability_minor"": 0, ""metadata_available"": true, ""multiprocessor_count"": 132, ""name"": ""NVIDIA H100 80GB HBM3"", ""total_global_mem_bytes"": 85019590656}",measured,cuda_runtime_api
run_20260922T232200Z,gemm_tiled,256,16,l2_cache_hit_rate,,unavailable,nsight_compute_not_run
run_20260922T232200Z,gemm_tiled,256,16,l2_throughput_pct,,unavailable,nsight_compute_not_run
run_20260922T232200Z,gemm_tiled,256,16,memory_throughput_pct,,unavailable,nsight_compute_not_run
run_20260922T232200Z,gemm_tiled,256,16,occupancy,,unavailable,nsight_compute_not_run
run_20260922T232200Z,gemm_tiled,256,16,sm_utilization,,unavailable,nsight_compute_not_run
run_20260922T232200Z,gemm_tiled,512,16,runtime_ms,0.04212352,measured,cuda_events
run_20260922T232200Z,gemm_tiled,512,16,effective_bandwidth_GBps,74.67865933331308,derived_estimate,bytes_moved/runtime_ms
run_20260922T232200Z,gemm_tiled,512,16,effective_GFLOPs,6372.578929776049,derived_estimate,flops/runtime_ms
run_20260922T232200Z,gemm_tiled,512,16,arithmetic_intensity,85.33333333333333,derived_estimate,flops/bytes_moved
run_20260922T232200Z,gemm_tiled,512,16,device_metadata,"{""compute_capability_major"": 9, ""compute_capability_minor"": 0, ""metadata_available"": true, ""multiprocessor_count"": 132, ""name"": ""NVIDIA H100 80GB HBM3"", ""total_global_mem_bytes"": 85019590656}",measured,cuda_runtime_api
run_20260922T232200Z,gemm_tiled,512,16,l2_cache_hit_rate,,unavailable,nsight_compute_not_run
run_20260922T232200Z,gemm_tiled,512,16,l2_throughput_pct,,unavailable,nsight_compute_not_run
run_20260922T232200Z,gemm_tiled,512,16,memory_throughput_pct,,unavailable,nsight_compute_not_run
run_20260922T232200Z,gemm_tiled,512,16,occupancy,,unavailable,nsight_compute_not_run
run_20260922T232200Z,gemm_tiled,512,16,sm_utilization,,unavailable,nsight_compute_not_run
run_20260922T232200Z,gemm_tiled,1024,16,runtime_ms,0.27900224,measured,cuda_events
run_20260922T232200Z,gemm_tiled,1024,16,effective_bandwidth_GBps,45.09968092012451,derived_estimate,bytes_moved/runtime_ms
run_20260922T232200Z,gemm_tiled,1024,16,effective_GFLOPs,7697.012210367917,derived_estimate,flops/runtime_ms
run_20260922T232200Z,gemm_tiled,1024,16,arithmetic_intensity,170.66666666666666,derived_estimate,flops/bytes_moved
run_20260922T232200Z,gemm_tiled,1024,16,device_metadata,"{""compute_capability_major"": 9, ""compute_capability_minor"": 0, ""metadata_available"": true, ""multiprocessor_count"": 132, ""name"": ""NVIDIA H100 80GB HBM3"", ""total_global_mem_bytes"": 85019590656}",measured,cuda_runtime_api
run_20260922T232200Z,gemm_tiled,1024,16,l2_cache_hit_rate,,unavailable,nsight_compute_not_run
run_20260922T232200Z,gemm_tiled,1024,16,l2_throughput_pct,,unavailable,nsight_compute_not_run
run_20260922T232200Z,gemm_tiled,1024,16,memory_throughput_pct,,unavailable,nsight_compute_not_run
run_20260922T232200Z,gemm_tiled,1024,16,occupancy,,unavailable,nsight_compute_not_run
run_20260922T232200Z,gemm_tiled,1024,16,sm_utilization,,unavailable,nsight_compute_not_run
run_20260922T232200Z,gemm_tiled,2048,16,runtime_ms,2.10597056,measured,cuda_events
run_20260922T232200Z,gemm_tiled,2048,16,effective_bandwidth_GBps,23.89950218487385,derived_estimate,bytes_moved/runtime_ms
run_20260922T232200Z,gemm_tiled,2048,16,effective_GFLOPs,8157.696745770274,derived_estimate,flops/runtime_ms
run_20260922T232200Z,gemm_tiled,2048,16,arithmetic_intensity,341.3333333333333,derived_estimate,flops/bytes_moved
run_20260922T232200Z,gemm_tiled,2048,16,device_metadata,"{""compute_capability_major"": 9, ""compute_capability_minor"": 0, ""metadata_available"": true, ""multiprocessor_count"": 132, ""name"": ""NVIDIA H100 80GB HBM3"", ""total_global_mem_bytes"": 85019590656}",measured,cuda_runtime_api
run_20260922T232200Z,gemm_tiled,2048,16,l2_cache_hit_rate,,unavailable,nsight_compute_not_run
run_20260922T232200Z,gemm_tiled,2048,16,l2_throughput_pct,,unavailable,nsight_compute_not_run
run_20260922T232200Z,gemm_tiled,2048,16,memory_throughput_pct,,unavailable,nsight_compute_not_run
run_20260922T232200Z,gemm_tiled,2048,16,occupancy,,unavailable,nsight_compute_not_run
run_20260922T232200Z,gemm_tiled,2048,16,sm_utilization,,unavailable,nsight_compute_not_run
